Time,Data1,Data2,Data3
2021-3-4-0-0-0,28,53,46
2021-3-4-0-0-1,27,54,47
2021-3-4-0-0-2,28,55,47
2021-3-4-0-0-3,28,56,47
2021-3-4-0-0-4,29,55,47
2021-3-4-0-0-5,30,54,48
2021-3-4-0-0-6,31,55,48
2021-3-4-0-0-7,30,54,47
2021-3-4-0-0-8,31,53,47
2021-3-4-0-0-9,30,53,46
2021-3-4-0-0-10,30,53,46
2021-3-4-0-0-11,30,54,46
2021-3-4-0-0-12,29,54,46
2021-3-4-0-0-13,30,55,47
2021-3-4-0-0-14,30,55,46
2021-3-4-0-0-15,30,56,46
2021-3-4-0-0-16,31,55,46
2021-3-4-0-0-17,31,55,45
2021-3-4-0-0-18,31,54,46
2021-3-4-0-0-19,30,55,45
2021-3-4-0-0-20,31,54,46
2021-3-4-0-0-21,32,54,47
2021-3-4-0-0-22,31,55,48
2021-3-4-0-0-23,32,54,47
2021-3-4-0-0-24,32,54,47
2021-3-4-0-0-25,32,53,47
2021-3-4-0-0-26,32,54,48
2021-3-4-0-0-27,31,53,47
2021-3-4-0-0-28,30,52,48
2021-3-4-0-0-29,30,51,49
2021-3-4-0-0-30,31,52,48
2021-3-4-0-0-31,31,52,47
2021-3-4-0-0-32,32,53,48
2021-3-4-0-0-33,31,52,48
2021-3-4-0-0-34,32,53,47
2021-3-4-0-0-35,33,52,47
2021-3-4-0-0-36,34,53,47
2021-3-4-0-0-37,33,52,48
2021-3-4-0-0-38,32,53,47
2021-3-4-0-0-39,32,53,46
2021-3-4-0-0-40,32,54,46
2021-3-4-0-0-41,33,53,46
2021-3-4-0-0-42,32,53,45
2021-3-4-0-0-43,33,54,44
2021-3-4-0-0-44,33,53,44
2021-3-4-0-0-45,34,52,44
2021-3-4-0-0-46,33,51,44
2021-3-4-0-0-47,34,52,45
2021-3-4-0-0-48,35,51,46
2021-3-4-0-0-49,36,50,45
2021-3-4-0-0-50,37,49,45
2021-3-4-0-0-51,38,50,45
2021-3-4-0-0-52,39,50,46
2021-3-4-0-0-53,40,51,47
2021-3-4-0-0-54,39,51,48
2021-3-4-0-0-55,40,50,49
2021-3-4-0-0-56,40,50,50
2021-3-4-0-0-57,39,49,51
2021-3-4-0-0-58,39,48,50
2021-3-4-0-0-59,40,47,50
2021-3-4-0-1-0,40,46,50
2021-3-4-0-1-1,40,46,49
2021-3-4-0-1-2,39,45,48
2021-3-4-0-1-3,39,46,48
2021-3-4-0-1-4,39,45,48
2021-3-4-0-1-5,40,45,49
2021-3-4-0-1-6,40,46,50
2021-3-4-0-1-7,39,46,50
2021-3-4-0-1-8,39,46,49
2021-3-4-0-1-9,40,46,48
2021-3-4-0-1-10,39,46,49
2021-3-4-0-1-11,40,46,49
2021-3-4-0-1-12,41,47,48
2021-3-4-0-1-13,41,46,47
2021-3-4-0-1-14,42,46,47
2021-3-4-0-1-15,41,45,46
2021-3-4-0-1-16,42,44,45
2021-3-4-0-1-17,42,43,46
2021-3-4-0-1-18,42,42,46
2021-3-4-0-1-19,42,43,47
2021-3-4-0-1-20,42,43,48
2021-3-4-0-1-21,43,44,49
2021-3-4-0-1-22,43,44,50
2021-3-4-0-1-23,43,44,51
2021-3-4-0-1-24,44,44,50
2021-3-4-0-1-25,44,44,50
2021-3-4-0-1-26,45,43,51
2021-3-4-0-1-27,44,42,51
2021-3-4-0-1-28,43,43,51
2021-3-4-0-1-29,42,44,50
2021-3-4-0-1-30,43,44,51
2021-3-4-0-1-31,42,45,51
2021-3-4-0-1-32,43,45,52
2021-3-4-0-1-33,42,45,51
2021-3-4-0-1-34,42,44,50
2021-3-4-0-1-35,42,44,49
2021-3-4-0-1-36,42,45,49
2021-3-4-0-1-37,41,46,48
2021-3-4-0-1-38,42,47,47
2021-3-4-0-1-39,42,46,47
2021-3-4-0-1-40,41,45,46
2021-3-4-0-1-41,41,44,47
2021-3-4-0-1-42,41,44,46
2021-3-4-0-1-43,40,44,47
2021-3-4-0-1-44,40,44,48
2021-3-4-0-1-45,40,43,47
2021-3-4-0-1-46,39,43,46
2021-3-4-0-1-47,38,43,47
2021-3-4-0-1-48,39,44,47
2021-3-4-0-1-49,38,44,48
2021-3-4-0-1-50,38,43,47
2021-3-4-0-1-51,37,44,47
2021-3-4-0-1-52,36,45,48
2021-3-4-0-1-53,36,45,49
2021-3-4-0-1-54,36,45,50
2021-3-4-0-1-55,37,44,49
2021-3-4-0-1-56,36,43,48
2021-3-4-0-1-57,37,44,49
2021-3-4-0-1-58,38,44,49
2021-3-4-0-1-59,39,45,48
2021-3-4-0-2-0,39,45,49
2021-3-4-0-2-1,38,44,49
2021-3-4-0-2-2,39,43,48
2021-3-4-0-2-3,38,43,49
2021-3-4-0-2-4,38,42,50
2021-3-4-0-2-5,39,41,51
2021-3-4-0-2-6,39,42,50
2021-3-4-0-2-7,38,43,49
2021-3-4-0-2-8,39,43,48
2021-3-4-0-2-9,38,44,47
2021-3-4-0-2-10,38,45,47
2021-3-4-0-2-11,39,46,47
2021-3-4-0-2-12,40,46,48
2021-3-4-0-2-13,41,47,47
2021-3-4-0-2-14,41,48,46
2021-3-4-0-2-15,41,48,45
2021-3-4-0-2-16,40,48,45
2021-3-4-0-2-17,40,48,46
2021-3-4-0-2-18,40,48,46
2021-3-4-0-2-19,40,47,47
2021-3-4-0-2-20,40,48,47
2021-3-4-0-2-21,39,49,48
2021-3-4-0-2-22,39,49,48
2021-3-4-0-2-23,38,50,48
2021-3-4-0-2-24,39,49,49
2021-3-4-0-2-25,38,50,49
2021-3-4-0-2-26,37,51,50
2021-3-4-0-2-27,37,52,51
2021-3-4-0-2-28,36,52,50
2021-3-4-0-2-29,37,51,49
2021-3-4-0-2-30,36,51,50
2021-3-4-0-2-31,36,50,50
2021-3-4-0-2-32,35,51,50
2021-3-4-0-2-33,34,52,50
2021-3-4-0-2-34,33,53,50
2021-3-4-0-2-35,32,54,50
2021-3-4-0-2-36,31,53,50
2021-3-4-0-2-37,30,54,49
2021-3-4-0-2-38,31,54,48
2021-3-4-0-2-39,31,53,48
2021-3-4-0-2-40,31,54,47
2021-3-4-0-2-41,32,53,48
2021-3-4-0-2-42,33,54,48
2021-3-4-0-2-43,34,53,49
2021-3-4-0-2-44,34,52,50
2021-3-4-0-2-45,35,52,49
2021-3-4-0-2-46,36,51,48
2021-3-4-0-2-47,36,52,48
2021-3-4-0-2-48,36,53,49
2021-3-4-0-2-49,37,52,48
2021-3-4-0-2-50,36,51,48
2021-3-4-0-2-51,36,51,48
2021-3-4-0-2-52,36,52,48
2021-3-4-0-2-53,37,52,49
2021-3-4-0-2-54,36,52,49
2021-3-4-0-2-55,37,52,49
2021-3-4-0-2-56,38,51,48
2021-3-4-0-2-57,38,51,47
2021-3-4-0-2-58,37,50,48
2021-3-4-0-2-59,38,49,48
2021-3-4-0-3-0,39,48,48
2021-3-4-0-3-1,38,47,49
2021-3-4-0-3-2,37,47,50
2021-3-4-0-3-3,37,48,51
2021-3-4-0-3-4,38,48,50
2021-3-4-0-3-5,38,48,51
2021-3-4-0-3-6,38,47,52
2021-3-4-0-3-7,39,48,53
2021-3-4-0-3-8,40,47,54
2021-3-4-0-3-9,40,46,53
2021-3-4-0-3-10,41,46,53
2021-3-4-0-3-11,42,45,54
2021-3-4-0-3-12,41,45,53
2021-3-4-0-3-13,42,44,52
2021-3-4-0-3-14,41,45,52
2021-3-4-0-3-15,40,45,52
2021-3-4-0-3-16,40,44,53
2021-3-4-0-3-17,39,44,53
2021-3-4-0-3-18,38,44,52
2021-3-4-0-3-19,38,45,53
2021-3-4-0-3-20,38,44,54
2021-3-4-0-3-21,39,44,55
2021-3-4-0-3-22,38,43,55
2021-3-4-0-3-23,37,42,56
2021-3-4-0-3-24,37,41,55
2021-3-4-0-3-25,36,40,54
2021-3-4-0-3-26,35,39,55
2021-3-4-0-3-27,34,40,56
2021-3-4-0-3-28,33,41,56
2021-3-4-0-3-29,32,40,55
2021-3-4-0-3-30,33,39,55
2021-3-4-0-3-31,33,40,56
2021-3-4-0-3-32,33,40,55
2021-3-4-0-3-33,33,39,55
2021-3-4-0-3-34,34,40,56
2021-3-4-0-3-35,34,39,56
2021-3-4-0-3-36,35,39,57
2021-3-4-0-3-37,35,40,57
2021-3-4-0-3-38,34,39,57
2021-3-4-0-3-39,33,39,57
2021-3-4-0-3-40,32,40,56
2021-3-4-0-3-41,32,39,56
2021-3-4-0-3-42,31,38,57
2021-3-4-0-3-43,30,38,57
2021-3-4-0-3-44,31,38,57
2021-3-4-0-3-45,32,37,56
2021-3-4-0-3-46,32,38,57
2021-3-4-0-3-47,32,39,56
2021-3-4-0-3-48,31,40,55
2021-3-4-0-3-49,31,40,56
2021-3-4-0-3-50,30,39,56
2021-3-4-0-3-51,29,39,55
2021-3-4-0-3-52,28,38,55
2021-3-4-0-3-53,29,38,55
2021-3-4-0-3-54,30,37,54
2021-3-4-0-3-55,29,36,53
2021-3-4-0-3-56,30,35,53
2021-3-4-0-3-57,31,36,52
2021-3-4-0-3-58,30,36,52
2021-3-4-0-3-59,31,37,51
2021-3-4-0-4-0,30,38,50
2021-3-4-0-4-1,30,37,49
2021-3-4-0-4-2,29,37,49
2021-3-4-0-4-3,29,36,48
2021-3-4-0-4-4,29,36,47
2021-3-4-0-4-5,28,36,46
2021-3-4-0-4-6,28,37,47
2021-3-4-0-4-7,27,36,48
2021-3-4-0-4-8,26,37,47
2021-3-4-0-4-9,26,37,47
2021-3-4-0-4-10,26,38,47
2021-3-4-0-4-11,27,38,46
2021-3-4-0-4-12,28,38,46
2021-3-4-0-4-13,29,39,47
2021-3-4-0-4-14,28,39,46
2021-3-4-0-4-15,27,40,46
2021-3-4-0-4-16,27,40,47
2021-3-4-0-4-17,27,40,48
2021-3-4-0-4-18,26,40,48
2021-3-4-0-4-19,26,41,49
2021-3-4-0-4-20,25,42,48
2021-3-4-0-4-21,25,42,49
2021-3-4-0-4-22,25,42,50
2021-3-4-0-4-23,24,42,51
2021-3-4-0-4-24,23,42,52
2021-3-4-0-4-25,22,42,53
2021-3-4-0-4-26,23,42,53
2021-3-4-0-4-27,23,42,54
2021-3-4-0-4-28,24,41,54
2021-3-4-0-4-29,24,41,54
2021-3-4-0-4-30,25,41,55
2021-3-4-0-4-31,24,40,54
2021-3-4-0-4-32,24,40,54
2021-3-4-0-4-33,25,39,54
2021-3-4-0-4-34,24,39,55
2021-3-4-0-4-35,24,40,55
2021-3-4-0-4-36,23,39,56
2021-3-4-0-4-37,22,40,57
2021-3-4-0-4-38,22,40,58
2021-3-4-0-4-39,23,41,58
2021-3-4-0-4-40,24,42,59
2021-3-4-0-4-41,25,42,58
2021-3-4-0-4-42,24,42,59
2021-3-4-0-4-43,24,42,60
2021-3-4-0-4-44,24,43,60
2021-3-4-0-4-45,25,44,59
2021-3-4-0-4-46,26,43,58
2021-3-4-0-4-47,26,43,58
2021-3-4-0-4-48,25,44,59
2021-3-4-0-4-49,25,44,59
2021-3-4-0-4-50,25,44,59
2021-3-4-0-4-51,25,44,60
2021-3-4-0-4-52,25,44,60
2021-3-4-0-4-53,25,45,59
2021-3-4-0-4-54,24,46,60
2021-3-4-0-4-55,25,46,61
2021-3-4-0-4-56,25,46,60
2021-3-4-0-4-57,25,46,59
2021-3-4-0-4-58,24,45,58
2021-3-4-0-4-59,25,46,58
2021-3-4-0-5-0,26,45,59
2021-3-4-0-5-1,26,45,59
2021-3-4-0-5-2,25,45,58
2021-3-4-0-5-3,26,44,57
2021-3-4-0-5-4,25,43,58
2021-3-4-0-5-5,26,44,58
2021-3-4-0-5-6,27,44,57
2021-3-4-0-5-7,27,45,56
2021-3-4-0-5-8,27,45,57
2021-3-4-0-5-9,26,46,57
2021-3-4-0-5-10,27,47,58
2021-3-4-0-5-11,26,48,58
2021-3-4-0-5-12,26,48,59
2021-3-4-0-5-13,27,48,60
2021-3-4-0-5-14,28,47,60
2021-3-4-0-5-15,27,46,59
2021-3-4-0-5-16,27,47,59
2021-3-4-0-5-17,28,46,59
2021-3-4-0-5-18,27,46,59
2021-3-4-0-5-19,26,47,59
2021-3-4-0-5-20,27,48,59
2021-3-4-0-5-21,27,48,58
2021-3-4-0-5-22,26,49,57
2021-3-4-0-5-23,26,49,57
2021-3-4-0-5-24,26,50,57
2021-3-4-0-5-25,25,49,57
2021-3-4-0-5-26,24,50,56
2021-3-4-0-5-27,23,51,56
2021-3-4-0-5-28,22,52,55
2021-3-4-0-5-29,21,52,56
2021-3-4-0-5-30,21,51,55
2021-3-4-0-5-31,20,51,56
2021-3-4-0-5-32,19,51,56
2021-3-4-0-5-33,19,52,56
2021-3-4-0-5-34,18,53,57
2021-3-4-0-5-35,17,53,58
2021-3-4-0-5-36,17,54,58
2021-3-4-0-5-37,18,53,57
2021-3-4-0-5-38,19,54,58
2021-3-4-0-5-39,20,54,59
2021-3-4-0-5-40,20,54,59
2021-3-4-0-5-41,20,55,59
2021-3-4-0-5-42,19,56,59
2021-3-4-0-5-43,18,57,59
2021-3-4-0-5-44,17,57,58
2021-3-4-0-5-45,18,57,58
2021-3-4-0-5-46,17,58,57
2021-3-4-0-5-47,17,57,57
2021-3-4-0-5-48,16,57,57
2021-3-4-0-5-49,16,58,58
2021-3-4-0-5-50,17,57,57
2021-3-4-0-5-51,18,57,57
2021-3-4-0-5-52,19,57,56
2021-3-4-0-5-53,20,58,56
2021-3-4-0-5-54,19,58,56
2021-3-4-0-5-55,18,59,57
2021-3-4-0-5-56,18,59,57
2021-3-4-0-5-57,19,59,57
2021-3-4-0-5-58,19,58,58
2021-3-4-0-5-59,18,57,59
2021-3-4-0-6-0,19,57,59
2021-3-4-0-6-1,19,56,59
2021-3-4-0-6-2,19,56,60
2021-3-4-0-6-3,19,55,59
2021-3-4-0-6-4,19,56,59
2021-3-4-0-6-5,19,55,59
2021-3-4-0-6-6,20,55,59
2021-3-4-0-6-7,19,55,58
2021-3-4-0-6-8,19,54,57
2021-3-4-0-6-9,19,55,57
2021-3-4-0-6-10,19,56,57
2021-3-4-0-6-11,20,55,57
2021-3-4-0-6-12,21,54,57
2021-3-4-0-6-13,21,53,57
2021-3-4-0-6-14,21,53,56
2021-3-4-0-6-15,22,54,57
2021-3-4-0-6-16,22,55,57
2021-3-4-0-6-17,21,55,57
2021-3-4-0-6-18,21,55,58
2021-3-4-0-6-19,20,54,59
2021-3-4-0-6-20,21,54,59
2021-3-4-0-6-21,21,55,58
2021-3-4-0-6-22,20,54,59
2021-3-4-0-6-23,19,53,59
2021-3-4-0-6-24,20,54,59
2021-3-4-0-6-25,20,54,59
2021-3-4-0-6-26,20,53,59
2021-3-4-0-6-27,20,52,58
2021-3-4-0-6-28,19,51,59
2021-3-4-0-6-29,20,50,60
2021-3-4-0-6-30,21,51,60
2021-3-4-0-6-31,21,50,59
2021-3-4-0-6-32,20,51,60
2021-3-4-0-6-33,20,50,61
2021-3-4-0-6-34,21,50,60
2021-3-4-0-6-35,20,50,61
2021-3-4-0-6-36,19,49,62
2021-3-4-0-6-37,20,49,62
2021-3-4-0-6-38,19,50,63
2021-3-4-0-6-39,18,50,64
2021-3-4-0-6-40,19,50,64
2021-3-4-0-6-41,18,50,64
2021-3-4-0-6-42,18,49,65
2021-3-4-0-6-43,19,49,66
2021-3-4-0-6-44,19,49,67
2021-3-4-0-6-45,18,49,66
2021-3-4-0-6-46,17,49,65
2021-3-4-0-6-47,17,50,65
2021-3-4-0-6-48,18,51,64
2021-3-4-0-6-49,17,51,64
2021-3-4-0-6-50,18,51,64
2021-3-4-0-6-51,17,50,65
2021-3-4-0-6-52,18,51,66
2021-3-4-0-6-53,19,52,65
2021-3-4-0-6-54,18,52,65
2021-3-4-0-6-55,18,53,65
2021-3-4-0-6-56,17,52,66
2021-3-4-0-6-57,16,52,67
2021-3-4-0-6-58,16,53,67
2021-3-4-0-6-59,15,52,67
2021-3-4-0-7-0,16,52,68
2021-3-4-0-7-1,17,51,67
2021-3-4-0-7-2,18,52,68
2021-3-4-0-7-3,19,52,68
2021-3-4-0-7-4,20,51,68
2021-3-4-0-7-5,19,51,67
2021-3-4-0-7-6,20,50,66
2021-3-4-0-7-7,19,51,65
2021-3-4-0-7-8,19,52,64
2021-3-4-0-7-9,20,52,65
2021-3-4-0-7-10,19,51,66
2021-3-4-0-7-11,18,50,65
2021-3-4-0-7-12,17,50,64
2021-3-4-0-7-13,16,49,65
2021-3-4-0-7-14,16,48,64
2021-3-4-0-7-15,15,48,65
2021-3-4-0-7-16,16,49,65
2021-3-4-0-7-17,17,50,64
2021-3-4-0-7-18,17,50,65
2021-3-4-0-7-19,17,49,64
2021-3-4-0-7-20,16,49,65
2021-3-4-0-7-21,15,49,66
2021-3-4-0-7-22,14,50,66
2021-3-4-0-7-23,13,49,66
2021-3-4-0-7-24,12,50,66
2021-3-4-0-7-25,12,51,65
2021-3-4-0-7-26,11,52,65
2021-3-4-0-7-27,10,53,66
2021-3-4-0-7-28,11,54,65
2021-3-4-0-7-29,10,55,66
2021-3-4-0-7-30,10,55,66
2021-3-4-0-7-31,9,55,66
2021-3-4-0-7-32,8,56,67
2021-3-4-0-7-33,8,57,67
2021-3-4-0-7-34,8,57,67
2021-3-4-0-7-35,8,56,66
2021-3-4-0-7-36,7,57,67
2021-3-4-0-7-37,6,56,67
2021-3-4-0-7-38,5,57,67
2021-3-4-0-7-39,4,57,66
2021-3-4-0-7-40,5,56,66
2021-3-4-0-7-41,6,56,66
2021-3-4-0-7-42,5,56,66
2021-3-4-0-7-43,4,56,65
2021-3-4-0-7-44,3,57,64
2021-3-4-0-7-45,2,58,64
2021-3-4-0-7-46,2,59,65
2021-3-4-0-7-47,3,59,65
2021-3-4-0-7-48,3,60,66
2021-3-4-0-7-49,4,60,65
2021-3-4-0-7-50,5,59,65
2021-3-4-0-7-51,4,58,66
2021-3-4-0-7-52,5,57,65
2021-3-4-0-7-53,5,56,65
2021-3-4-0-7-54,5,57,65
2021-3-4-0-7-55,5,56,64
2021-3-4-0-7-56,4,57,64
2021-3-4-0-7-57,5,58,63
2021-3-4-0-7-58,4,58,63
2021-3-4-0-7-59,3,58,62
2021-3-4-0-8-0,3,59,62
2021-3-4-0-8-1,3,60,61
2021-3-4-0-8-2,2,61,60
2021-3-4-0-8-3,1,60,59
2021-3-4-0-8-4,2,60,58
2021-3-4-0-8-5,2,59,58
2021-3-4-0-8-6,2,60,58
2021-3-4-0-8-7,3,60,59
2021-3-4-0-8-8,3,59,58
2021-3-4-0-8-9,3,58,58
2021-3-4-0-8-10,4,57,59
2021-3-4-0-8-11,4,58,60
2021-3-4-0-8-12,3,58,60
2021-3-4-0-8-13,4,57,60
2021-3-4-0-8-14,4,58,61
2021-3-4-0-8-15,3,58,62
2021-3-4-0-8-16,4,59,62
2021-3-4-0-8-17,4,59,61
2021-3-4-0-8-18,4,60,61
2021-3-4-0-8-19,3,61,61
2021-3-4-0-8-20,3,60,62
2021-3-4-0-8-21,4,61,61
2021-3-4-0-8-22,5,62,62
2021-3-4-0-8-23,4,61,62
2021-3-4-0-8-24,3,62,61
2021-3-4-0-8-25,2,62,60
2021-3-4-0-8-26,1,61,60
2021-3-4-0-8-27,1,60,60
2021-3-4-0-8-28,2,59,59
2021-3-4-0-8-29,1,59,58
2021-3-4-0-8-30,1,59,57
2021-3-4-0-8-31,1,59,58
2021-3-4-0-8-32,1,60,58
2021-3-4-0-8-33,0,61,59
2021-3-4-0-8-34,1,60,59
2021-3-4-0-8-35,0,61,59
2021-3-4-0-8-36,1,62,59
2021-3-4-0-8-37,0,62,58
2021-3-4-0-8-38,1,62,58
2021-3-4-0-8-39,0,62,59
2021-3-4-0-8-40,1,63,58
2021-3-4-0-8-41,0,63,59
2021-3-4-0-8-42,1,64,60
2021-3-4-0-8-43,1,64,61
2021-3-4-0-8-44,2,64,62
2021-3-4-0-8-45,2,63,63
2021-3-4-0-8-46,3,62,64
2021-3-4-0-8-47,2,62,65
2021-3-4-0-8-48,2,63,64
2021-3-4-0-8-49,3,63,65
2021-3-4-0-8-50,4,63,66
2021-3-4-0-8-51,3,62,65
2021-3-4-0-8-52,4,63,65
2021-3-4-0-8-53,4,64,64
2021-3-4-0-8-54,4,65,63
2021-3-4-0-8-55,5,65,62
2021-3-4-0-8-56,5,65,62
2021-3-4-0-8-57,5,65,62
2021-3-4-0-8-58,5,65,63
2021-3-4-0-8-59,4,66,63
2021-3-4-0-9-0,5,67,62
2021-3-4-0-9-1,5,68,62
2021-3-4-0-9-2,6,68,62
2021-3-4-0-9-3,5,68,62
2021-3-4-0-9-4,4,69,61
2021-3-4-0-9-5,4,69,62
2021-3-4-0-9-6,5,68,63
2021-3-4-0-9-7,6,69,64
2021-3-4-0-9-8,5,70,63
2021-3-4-0-9-9,6,71,64
2021-3-4-0-9-10,6,72,64
2021-3-4-0-9-11,6,73,64
2021-3-4-0-9-12,6,73,63
2021-3-4-0-9-13,7,74,64
2021-3-4-0-9-14,8,75,65
2021-3-4-0-9-15,8,76,66
2021-3-4-0-9-16,9,75,65
2021-3-4-0-9-17,9,74,65
2021-3-4-0-9-18,10,73,64
2021-3-4-0-9-19,11,72,64
2021-3-4-0-9-20,11,72,63
2021-3-4-0-9-21,10,71,62
2021-3-4-0-9-22,9,70,63
2021-3-4-0-9-23,8,71,62
2021-3-4-0-9-24,7,72,62
2021-3-4-0-9-25,7,72,61
2021-3-4-0-9-26,7,71,62
2021-3-4-0-9-27,8,70,61
2021-3-4-0-9-28,7,70,61
2021-3-4-0-9-29,7,69,60
2021-3-4-0-9-30,8,68,61
2021-3-4-0-9-31,8,69,61
2021-3-4-0-9-32,8,70,62
2021-3-4-0-9-33,8,71,62
2021-3-4-0-9-34,8,70,63
2021-3-4-0-9-35,7,71,63
2021-3-4-0-9-36,7,72,62
2021-3-4-0-9-37,8,72,63
2021-3-4-0-9-38,9,71,64
2021-3-4-0-9-39,8,72,65
2021-3-4-0-9-40,7,72,65
2021-3-4-0-9-41,8,72,64
2021-3-4-0-9-42,7,72,64
2021-3-4-0-9-43,7,73,63
2021-3-4-0-9-44,7,74,63
2021-3-4-0-9-45,6,74,62
2021-3-4-0-9-46,6,75,63
2021-3-4-0-9-47,5,74,63
2021-3-4-0-9-48,6,74,64
2021-3-4-0-9-49,5,73,63
2021-3-4-0-9-50,6,72,64
2021-3-4-0-9-51,7,71,64
2021-3-4-0-9-52,7,70,65
2021-3-4-0-9-53,6,70,65
2021-3-4-0-9-54,7,71,65
2021-3-4-0-9-55,8,71,65
2021-3-4-0-9-56,9,70,66
2021-3-4-0-9-57,10,70,65
2021-3-4-0-9-58,9,69,65
2021-3-4-0-9-59,9,69,64
2021-3-4-0-10-0,8,68,65
2021-3-4-0-10-1,8,68,66
2021-3-4-0-10-2,9,67,65
2021-3-4-0-10-3,10,68,64
2021-3-4-0-10-4,9,69,65
2021-3-4-0-10-5,9,69,65
2021-3-4-0-10-6,10,70,65
2021-3-4-0-10-7,9,71,65
2021-3-4-0-10-8,9,72,66
2021-3-4-0-10-9,9,73,65
2021-3-4-0-10-10,8,73,64
2021-3-4-0-10-11,8,73,63
2021-3-4-0-10-12,8,72,62
2021-3-4-0-10-13,9,72,63
2021-3-4-0-10-14,10,71,62
2021-3-4-0-10-15,9,70,62
2021-3-4-0-10-16,8,71,62
2021-3-4-0-10-17,8,70,63
2021-3-4-0-10-18,7,69,63
2021-3-4-0-10-19,8,68,62
2021-3-4-0-10-20,8,68,63
2021-3-4-0-10-21,9,68,63
2021-3-4-0-10-22,10,68,62
2021-3-4-0-10-23,9,67,63
2021-3-4-0-10-24,10,66,64
2021-3-4-0-10-25,11,65,64
2021-3-4-0-10-26,10,66,65
2021-3-4-0-10-27,10,67,66
2021-3-4-0-10-28,10,66,65
2021-3-4-0-10-29,11,66,64
2021-3-4-0-10-30,11,67,65
2021-3-4-0-10-31,10,67,64
2021-3-4-0-10-32,9,68,63
2021-3-4-0-10-33,10,69,63
2021-3-4-0-10-34,9,69,63
2021-3-4-0-10-35,8,70,64
2021-3-4-0-10-36,8,70,65
2021-3-4-0-10-37,7,71,65
2021-3-4-0-10-38,8,70,65
2021-3-4-0-10-39,8,69,64
2021-3-4-0-10-40,9,69,64
2021-3-4-0-10-41,9,68,64
2021-3-4-0-10-42,10,69,63
2021-3-4-0-10-43,10,68,62
2021-3-4-0-10-44,9,68,63
2021-3-4-0-10-45,8,69,62
2021-3-4-0-10-46,8,69,61
2021-3-4-0-10-47,7,68,61
2021-3-4-0-10-48,7,67,61
2021-3-4-0-10-49,8,68,60
2021-3-4-0-10-50,9,67,61
2021-3-4-0-10-51,9,68,62
2021-3-4-0-10-52,9,69,61
2021-3-4-0-10-53,9,69,60
2021-3-4-0-10-54,8,68,60
2021-3-4-0-10-55,7,67,59
2021-3-4-0-10-56,8,68,58
2021-3-4-0-10-57,8,67,57
2021-3-4-0-10-58,8,66,57
2021-3-4-0-10-59,8,65,56
2021-3-4-0-11-0,9,64,55
2021-3-4-0-11-1,10,65,55
2021-3-4-0-11-2,10,65,54
2021-3-4-0-11-3,10,65,54
2021-3-4-0-11-4,11,65,53
2021-3-4-0-11-5,12,64,54
2021-3-4-0-11-6,11,65,53
2021-3-4-0-11-7,10,65,52
2021-3-4-0-11-8,9,64,51
2021-3-4-0-11-9,9,64,50
2021-3-4-0-11-10,10,64,49
2021-3-4-0-11-11,11,65,50
2021-3-4-0-11-12,11,64,49
2021-3-4-0-11-13,12,63,48
2021-3-4-0-11-14,12,64,47
2021-3-4-0-11-15,12,63,47
2021-3-4-0-11-16,11,64,47
2021-3-4-0-11-17,10,65,48
2021-3-4-0-11-18,11,64,48
2021-3-4-0-11-19,11,63,47
2021-3-4-0-11-20,11,64,47
2021-3-4-0-11-21,12,64,46
2021-3-4-0-11-22,13,64,47
2021-3-4-0-11-23,14,64,46
2021-3-4-0-11-24,13,63,47
2021-3-4-0-11-25,12,63,48
2021-3-4-0-11-26,12,64,48
2021-3-4-0-11-27,11,63,48
2021-3-4-0-11-28,11,63,47
2021-3-4-0-11-29,12,64,47
2021-3-4-0-11-30,12,63,47
2021-3-4-0-11-31,13,64,46
2021-3-4-0-11-32,14,63,47
2021-3-4-0-11-33,13,62,46
2021-3-4-0-11-34,14,63,45
2021-3-4-0-11-35,15,62,46
2021-3-4-0-11-36,16,62,47
2021-3-4-0-11-37,15,61,48
2021-3-4-0-11-38,15,60,48
2021-3-4-0-11-39,14,59,48
2021-3-4-0-11-40,15,60,47
2021-3-4-0-11-41,14,60,46
2021-3-4-0-11-42,13,59,47
2021-3-4-0-11-43,12,59,47
2021-3-4-0-11-44,12,60,46
2021-3-4-0-11-45,12,59,46
2021-3-4-0-11-46,11,59,46
2021-3-4-0-11-47,10,60,46
2021-3-4-0-11-48,10,59,45
2021-3-4-0-11-49,10,59,44
2021-3-4-0-11-50,9,58,44
2021-3-4-0-11-51,8,58,43
2021-3-4-0-11-52,7,59,42
2021-3-4-0-11-53,8,58,42
2021-3-4-0-11-54,8,59,42
2021-3-4-0-11-55,7,60,42
2021-3-4-0-11-56,7,59,43
2021-3-4-0-11-57,7,58,44
2021-3-4-0-11-58,8,58,45
2021-3-4-0-11-59,8,59,46
2021-3-4-0-12-0,9,58,45
2021-3-4-0-12-1,8,57,45
2021-3-4-0-12-2,8,58,46
2021-3-4-0-12-3,7,59,45
2021-3-4-0-12-4,6,60,46
2021-3-4-0-12-5,7,59,46
2021-3-4-0-12-6,7,59,45
2021-3-4-0-12-7,8,59,45
2021-3-4-0-12-8,8,59,46
2021-3-4-0-12-9,7,60,45
2021-3-4-0-12-10,6,60,44
2021-3-4-0-12-11,7,60,45
2021-3-4-0-12-12,6,60,45
2021-3-4-0-12-13,5,60,45
2021-3-4-0-12-14,4,60,44
2021-3-4-0-12-15,5,59,45
2021-3-4-0-12-16,6,58,45
2021-3-4-0-12-17,6,57,45
2021-3-4-0-12-18,6,57,44
2021-3-4-0-12-19,5,58,44
2021-3-4-0-12-20,5,58,45
2021-3-4-0-12-21,6,59,45
2021-3-4-0-12-22,5,58,45
2021-3-4-0-12-23,4,57,46
2021-3-4-0-12-24,3,57,46
2021-3-4-0-12-25,4,56,47
2021-3-4-0-12-26,3,56,48
2021-3-4-0-12-27,2,56,48
2021-3-4-0-12-28,2,55,47
2021-3-4-0-12-29,1,55,48
2021-3-4-0-12-30,0,56,49
2021-3-4-0-12-31,1,55,48
2021-3-4-0-12-32,1,55,49
2021-3-4-0-12-33,1,55,49
2021-3-4-0-12-34,0,54,50
2021-3-4-0-12-35,1,53,50
2021-3-4-0-12-36,2,52,51
2021-3-4-0-12-37,1,51,52
2021-3-4-0-12-38,1,50,52
2021-3-4-0-12-39,0,49,52
2021-3-4-0-12-40,1,48,52
2021-3-4-0-12-41,0,48,52
2021-3-4-0-12-42,1,49,52
2021-3-4-0-12-43,1,50,53
2021-3-4-0-12-44,1,51,53
2021-3-4-0-12-45,1,50,54
2021-3-4-0-12-46,0,51,53
2021-3-4-0-12-47,1,51,53
2021-3-4-0-12-48,0,51,54
2021-3-4-0-12-49,1,50,53
2021-3-4-0-12-50,0,51,54
2021-3-4-0-12-51,1,51,55
2021-3-4-0-12-52,0,52,56
2021-3-4-0-12-53,1,53,57
2021-3-4-0-12-54,1,52,57
2021-3-4-0-12-55,2,52,58
2021-3-4-0-12-56,1,52,58
2021-3-4-0-12-57,2,52,59
2021-3-4-0-12-58,1,52,58
2021-3-4-0-12-59,1,52,58
2021-3-4-0-13-0,1,52,59
2021-3-4-0-13-1,0,51,58
2021-3-4-0-13-2,1,52,58
2021-3-4-0-13-3,2,51,59
2021-3-4-0-13-4,2,50,59
2021-3-4-0-13-5,2,49,58
2021-3-4-0-13-6,1,49,58
2021-3-4-0-13-7,0,50,58
2021-3-4-0-13-8,1,50,59
2021-3-4-0-13-9,0,51,58
2021-3-4-0-13-10,1,51,58
2021-3-4-0-13-11,1,50,57
2021-3-4-0-13-12,2,49,57
2021-3-4-0-13-13,2,48,58
2021-3-4-0-13-14,2,48,57
2021-3-4-0-13-15,1,49,56
2021-3-4-0-13-16,0,50,57
2021-3-4-0-13-17,1,51,58
2021-3-4-0-13-18,0,52,59
2021-3-4-0-13-19,1,51,58
2021-3-4-0-13-20,2,52,57
2021-3-4-0-13-21,3,51,58
2021-3-4-0-13-22,3,51,58
2021-3-4-0-13-23,4,52,59
2021-3-4-0-13-24,4,51,58
2021-3-4-0-13-25,5,52,57
2021-3-4-0-13-26,5,51,56
2021-3-4-0-13-27,6,52,57
2021-3-4-0-13-28,7,52,58
2021-3-4-0-13-29,8,52,57
2021-3-4-0-13-30,9,53,57
2021-3-4-0-13-31,9,52,58
2021-3-4-0-13-32,8,52,58
2021-3-4-0-13-33,8,51,58
2021-3-4-0-13-34,9,52,57
2021-3-4-0-13-35,9,53,57
2021-3-4-0-13-36,8,52,56
2021-3-4-0-13-37,9,53,56
2021-3-4-0-13-38,10,54,55
2021-3-4-0-13-39,9,54,54
2021-3-4-0-13-40,10,55,54
2021-3-4-0-13-41,10,55,55
2021-3-4-0-13-42,9,55,55
2021-3-4-0-13-43,9,55,56
2021-3-4-0-13-44,9,56,56
2021-3-4-0-13-45,9,57,57
2021-3-4-0-13-46,8,58,57
2021-3-4-0-13-47,8,58,57
2021-3-4-0-13-48,8,58,56
2021-3-4-0-13-49,9,57,57
2021-3-4-0-13-50,10,56,56
2021-3-4-0-13-51,10,57,55
2021-3-4-0-13-52,10,58,55
2021-3-4-0-13-53,10,59,54
2021-3-4-0-13-54,11,59,53
2021-3-4-0-13-55,12,59,53
2021-3-4-0-13-56,11,59,52
2021-3-4-0-13-57,12,58,52
2021-3-4-0-13-58,11,58,51
2021-3-4-0-13-59,10,58,50
2021-3-4-0-14-0,10,57,51
2021-3-4-0-14-1,10,56,50
2021-3-4-0-14-2,11,55,51
2021-3-4-0-14-3,10,54,52
2021-3-4-0-14-4,10,54,51
2021-3-4-0-14-5,10,53,50
2021-3-4-0-14-6,10,52,50
2021-3-4-0-14-7,9,51,49
2021-3-4-0-14-8,10,50,48
2021-3-4-0-14-9,10,50,47
2021-3-4-0-14-10,11,50,48
2021-3-4-0-14-11,11,50,48
2021-3-4-0-14-12,11,51,47
2021-3-4-0-14-13,10,50,46
2021-3-4-0-14-14,10,50,46
2021-3-4-0-14-15,9,50,47
2021-3-4-0-14-16,8,50,47
2021-3-4-0-14-17,9,49,48
2021-3-4-0-14-18,8,50,49
2021-3-4-0-14-19,9,49,49
2021-3-4-0-14-20,9,48,49
2021-3-4-0-14-21,8,49,48
2021-3-4-0-14-22,8,48,48
2021-3-4-0-14-23,8,48,47
2021-3-4-0-14-24,9,48,48
2021-3-4-0-14-25,9,48,49
2021-3-4-0-14-26,8,48,49
2021-3-4-0-14-27,8,47,49
2021-3-4-0-14-28,8,46,48
2021-3-4-0-14-29,7,46,48
2021-3-4-0-14-30,6,46,48
2021-3-4-0-14-31,6,47,47
2021-3-4-0-14-32,7,46,46
2021-3-4-0-14-33,6,47,45
2021-3-4-0-14-34,6,46,44
2021-3-4-0-14-35,5,45,43
2021-3-4-0-14-36,6,46,42
2021-3-4-0-14-37,7,46,42
2021-3-4-0-14-38,6,45,43
2021-3-4-0-14-39,5,45,44
2021-3-4-0-14-40,5,44,45
2021-3-4-0-14-41,4,45,44
2021-3-4-0-14-42,4,44,43
2021-3-4-0-14-43,4,43,42
2021-3-4-0-14-44,4,44,43
2021-3-4-0-14-45,3,44,44
2021-3-4-0-14-46,4,44,43
2021-3-4-0-14-47,3,43,42
2021-3-4-0-14-48,4,43,43
2021-3-4-0-14-49,4,42,43
2021-3-4-0-14-50,3,42,42
2021-3-4-0-14-51,2,41,42
2021-3-4-0-14-52,1,40,41
2021-3-4-0-14-53,0,41,42
2021-3-4-0-14-54,1,41,42
2021-3-4-0-14-55,0,42,43
2021-3-4-0-14-56,1,41,42
2021-3-4-0-14-57,1,41,41
2021-3-4-0-14-58,0,42,40
2021-3-4-0-14-59,1,41,39
2021-3-4-0-15-0,0,42,40
2021-3-4-0-15-1,1,41,39
2021-3-4-0-15-2,0,41,38
2021-3-4-0-15-3,1,41,37
2021-3-4-0-15-4,0,40,36
2021-3-4-0-15-5,1,39,37
2021-3-4-0-15-6,2,40,36
2021-3-4-0-15-7,1,41,35
2021-3-4-0-15-8,2,40,34
2021-3-4-0-15-9,2,40,35
2021-3-4-0-15-10,3,39,35
2021-3-4-0-15-11,4,40,35
2021-3-4-0-15-12,5,40,36
2021-3-4-0-15-13,4,40,36
2021-3-4-0-15-14,4,40,37
2021-3-4-0-15-15,4,39,38
2021-3-4-0-15-16,4,38,37
2021-3-4-0-15-17,5,38,36
2021-3-4-0-15-18,5,39,36
2021-3-4-0-15-19,5,38,35
2021-3-4-0-15-20,4,38,36
2021-3-4-0-15-21,4,37,37
2021-3-4-0-15-22,3,36,37
2021-3-4-0-15-23,2,37,37
2021-3-4-0-15-24,2,37,36
2021-3-4-0-15-25,2,38,36
2021-3-4-0-15-26,1,37,36
2021-3-4-0-15-27,2,36,35
2021-3-4-0-15-28,3,36,34
2021-3-4-0-15-29,4,36,34
2021-3-4-0-15-30,4,36,34
2021-3-4-0-15-31,4,35,33
2021-3-4-0-15-32,4,35,32
2021-3-4-0-15-33,5,34,33
2021-3-4-0-15-34,5,35,32
2021-3-4-0-15-35,6,34,31
2021-3-4-0-15-36,6,34,30
2021-3-4-0-15-37,7,33,30
2021-3-4-0-15-38,6,33,30
2021-3-4-0-15-39,5,34,31
2021-3-4-0-15-40,5,33,32
2021-3-4-0-15-41,6,34,33
2021-3-4-0-15-42,7,35,34
2021-3-4-0-15-43,7,35,33
2021-3-4-0-15-44,8,36,33
2021-3-4-0-15-45,9,36,32
2021-3-4-0-15-46,9,37,31
2021-3-4-0-15-47,9,38,30
2021-3-4-0-15-48,10,38,31
2021-3-4-0-15-49,11,38,30
2021-3-4-0-15-50,10,39,31
2021-3-4-0-15-51,9,38,30
2021-3-4-0-15-52,9,38,31
2021-3-4-0-15-53,10,37,30
2021-3-4-0-15-54,11,38,31
2021-3-4-0-15-55,11,39,32
2021-3-4-0-15-56,10,38,31
2021-3-4-0-15-57,9,39,32
2021-3-4-0-15-58,10,40,33
2021-3-4-0-15-59,11,39,34
2021-3-4-0-16-0,11,38,34
2021-3-4-0-16-1,12,37,33
2021-3-4-0-16-2,11,37,32
2021-3-4-0-16-3,12,36,33
2021-3-4-0-16-4,11,37,33
2021-3-4-0-16-5,11,37,33
2021-3-4-0-16-6,11,37,33
2021-3-4-0-16-7,10,37,34
2021-3-4-0-16-8,11,36,35
2021-3-4-0-16-9,10,35,36
2021-3-4-0-16-10,11,35,36
2021-3-4-0-16-11,10,35,37
2021-3-4-0-16-12,9,36,37
2021-3-4-0-16-13,8,37,37
2021-3-4-0-16-14,9,38,36
2021-3-4-0-16-15,9,38,36
2021-3-4-0-16-16,10,38,37
2021-3-4-0-16-17,11,38,36
2021-3-4-0-16-18,10,38,35
2021-3-4-0-16-19,10,38,36
2021-3-4-0-16-20,10,39,35
2021-3-4-0-16-21,11,38,35
2021-3-4-0-16-22,11,39,34
2021-3-4-0-16-23,10,39,33
2021-3-4-0-16-24,9,40,32
2021-3-4-0-16-25,10,39,33
2021-3-4-0-16-26,11,38,33
2021-3-4-0-16-27,11,37,34
2021-3-4-0-16-28,10,38,35
2021-3-4-0-16-29,9,39,34
2021-3-4-0-16-30,8,39,34
2021-3-4-0-16-31,7,38,35
2021-3-4-0-16-32,7,38,36
2021-3-4-0-16-33,6,37,35
2021-3-4-0-16-34,5,36,35
2021-3-4-0-16-35,5,36,34
2021-3-4-0-16-36,4,36,34
2021-3-4-0-16-37,5,35,34
2021-3-4-0-16-38,5,35,34
2021-3-4-0-16-39,5,36,33
2021-3-4-0-16-40,4,37,32
2021-3-4-0-16-41,5,36,33
2021-3-4-0-16-42,5,35,34
2021-3-4-0-16-43,6,36,34
2021-3-4-0-16-44,7,37,35
2021-3-4-0-16-45,8,38,34
2021-3-4-0-16-46,8,38,34
2021-3-4-0-16-47,9,38,35
2021-3-4-0-16-48,9,39,36
2021-3-4-0-16-49,10,39,37
2021-3-4-0-16-50,10,40,38
2021-3-4-0-16-51,9,39,37
2021-3-4-0-16-52,10,39,37
2021-3-4-0-16-53,11,40,38
2021-3-4-0-16-54,10,40,37
2021-3-4-0-16-55,9,40,38
2021-3-4-0-16-56,9,41,38
2021-3-4-0-16-57,8,41,39
2021-3-4-0-16-58,9,42,39
2021-3-4-0-16-59,9,43,39
2021-3-4-0-17-0,10,43,40
2021-3-4-0-17-1,10,42,41
2021-3-4-0-17-2,10,42,41
2021-3-4-0-17-3,10,43,40
2021-3-4-0-17-4,11,43,40
2021-3-4-0-17-5,10,42,40
2021-3-4-0-17-6,11,41,39
2021-3-4-0-17-7,12,40,40
2021-3-4-0-17-8,12,40,41
2021-3-4-0-17-9,12,39,41
2021-3-4-0-17-10,12,40,41
2021-3-4-0-17-11,12,40,42
2021-3-4-0-17-12,12,39,43
2021-3-4-0-17-13,11,38,44
2021-3-4-0-17-14,10,39,43
2021-3-4-0-17-15,11,39,43
2021-3-4-0-17-16,10,40,42
2021-3-4-0-17-17,11,40,41
2021-3-4-0-17-18,12,40,40
2021-3-4-0-17-19,13,40,41
2021-3-4-0-17-20,12,40,41
2021-3-4-0-17-21,12,39,41
2021-3-4-0-17-22,11,38,41
2021-3-4-0-17-23,10,37,41
2021-3-4-0-17-24,11,36,42
2021-3-4-0-17-25,10,36,42
2021-3-4-0-17-26,9,36,43
2021-3-4-0-17-27,8,35,42
2021-3-4-0-17-28,7,36,43
2021-3-4-0-17-29,8,35,43
2021-3-4-0-17-30,8,34,42
2021-3-4-0-17-31,7,35,41
2021-3-4-0-17-32,7,35,40
2021-3-4-0-17-33,7,34,41
2021-3-4-0-17-34,7,33,42
2021-3-4-0-17-35,6,32,41
2021-3-4-0-17-36,7,32,42
2021-3-4-0-17-37,6,32,42
2021-3-4-0-17-38,6,31,42
2021-3-4-0-17-39,6,31,41
2021-3-4-0-17-40,6,31,41
2021-3-4-0-17-41,5,30,41
2021-3-4-0-17-42,5,29,41
2021-3-4-0-17-43,4,28,40
2021-3-4-0-17-44,4,27,40
2021-3-4-0-17-45,4,27,41
2021-3-4-0-17-46,4,27,42
2021-3-4-0-17-47,4,28,43
2021-3-4-0-17-48,4,28,44
2021-3-4-0-17-49,3,29,44
2021-3-4-0-17-50,3,29,43
2021-3-4-0-17-51,3,30,42
2021-3-4-0-17-52,4,29,42
2021-3-4-0-17-53,5,30,43
2021-3-4-0-17-54,4,31,44
2021-3-4-0-17-55,3,31,44
2021-3-4-0-17-56,4,30,43
2021-3-4-0-17-57,5,30,44
2021-3-4-0-17-58,5,29,45
2021-3-4-0-17-59,4,28,44
2021-3-4-0-18-0,5,28,44
2021-3-4-0-18-1,4,27,45
2021-3-4-0-18-2,4,27,44
2021-3-4-0-18-3,3,28,43
2021-3-4-0-18-4,2,27,43
2021-3-4-0-18-5,2,27,43
2021-3-4-0-18-6,2,27,43
2021-3-4-0-18-7,1,26,44
2021-3-4-0-18-8,2,25,45
2021-3-4-0-18-9,3,25,44
2021-3-4-0-18-10,2,26,44
2021-3-4-0-18-11,2,26,45
2021-3-4-0-18-12,2,25,45
2021-3-4-0-18-13,2,24,45
2021-3-4-0-18-14,3,25,45
2021-3-4-0-18-15,4,24,46
2021-3-4-0-18-16,3,24,47
2021-3-4-0-18-17,2,24,48
2021-3-4-0-18-18,2,25,49
2021-3-4-0-18-19,3,26,48
2021-3-4-0-18-20,4,26,47
2021-3-4-0-18-21,5,27,48
2021-3-4-0-18-22,4,27,48
2021-3-4-0-18-23,4,26,48
2021-3-4-0-18-24,4,27,48
2021-3-4-0-18-25,4,28,49
2021-3-4-0-18-26,4,27,49
2021-3-4-0-18-27,3,27,48
2021-3-4-0-18-28,3,27,48
2021-3-4-0-18-29,4,27,47
2021-3-4-0-18-30,5,28,47
2021-3-4-0-18-31,6,28,46
2021-3-4-0-18-32,6,28,45
2021-3-4-0-18-33,5,27,44
2021-3-4-0-18-34,4,27,43
2021-3-4-0-18-35,5,28,42
2021-3-4-0-18-36,5,28,43
2021-3-4-0-18-37,5,27,43
2021-3-4-0-18-38,6,26,44
2021-3-4-0-18-39,6,26,44
2021-3-4-0-18-40,7,26,45
2021-3-4-0-18-41,6,26,45
2021-3-4-0-18-42,5,26,45
2021-3-4-0-18-43,5,26,44
2021-3-4-0-18-44,4,26,43
2021-3-4-0-18-45,4,25,43
2021-3-4-0-18-46,5,26,43
2021-3-4-0-18-47,6,27,42
2021-3-4-0-18-48,7,26,43
2021-3-4-0-18-49,7,25,43
2021-3-4-0-18-50,6,24,43
2021-3-4-0-18-51,7,23,42
2021-3-4-0-18-52,8,22,41
2021-3-4-0-18-53,9,22,41
2021-3-4-0-18-54,8,22,42
2021-3-4-0-18-55,8,22,43
2021-3-4-0-18-56,7,21,43
2021-3-4-0-18-57,7,21,43
2021-3-4-0-18-58,6,20,42
2021-3-4-0-18-59,7,20,42
2021-3-4-0-19-0,8,19,43
2021-3-4-0-19-1,7,19,44
2021-3-4-0-19-2,7,19,43
2021-3-4-0-19-3,7,20,42
2021-3-4-0-19-4,7,20,42
2021-3-4-0-19-5,8,20,42
2021-3-4-0-19-6,9,21,42
2021-3-4-0-19-7,9,20,41
2021-3-4-0-19-8,9,21,40
2021-3-4-0-19-9,8,21,40
2021-3-4-0-19-10,8,22,40
2021-3-4-0-19-11,9,23,40
2021-3-4-0-19-12,8,24,39
2021-3-4-0-19-13,9,23,39
2021-3-4-0-19-14,8,23,39
2021-3-4-0-19-15,7,23,40
2021-3-4-0-19-16,6,24,41
2021-3-4-0-19-17,6,24,40
2021-3-4-0-19-18,7,24,40
2021-3-4-0-19-19,8,25,39
2021-3-4-0-19-20,9,25,40
2021-3-4-0-19-21,8,25,40
2021-3-4-0-19-22,8,24,41
2021-3-4-0-19-23,9,24,41
2021-3-4-0-19-24,10,23,40
2021-3-4-0-19-25,10,24,41
2021-3-4-0-19-26,9,24,40
2021-3-4-0-19-27,8,23,39
2021-3-4-0-19-28,8,22,40
2021-3-4-0-19-29,7,22,39
2021-3-4-0-19-30,8,21,38
2021-3-4-0-19-31,9,22,37
2021-3-4-0-19-32,9,23,38
2021-3-4-0-19-33,10,24,37
2021-3-4-0-19-34,11,25,37
2021-3-4-0-19-35,11,24,38
2021-3-4-0-19-36,11,24,37
2021-3-4-0-19-37,10,25,37
2021-3-4-0-19-38,10,24,36
2021-3-4-0-19-39,11,24,36
2021-3-4-0-19-40,10,25,37
2021-3-4-0-19-41,11,24,36
2021-3-4-0-19-42,12,23,37
2021-3-4-0-19-43,13,23,38
2021-3-4-0-19-44,12,24,39
2021-3-4-0-19-45,13,25,39
2021-3-4-0-19-46,12,24,38
2021-3-4-0-19-47,13,24,38
2021-3-4-0-19-48,14,25,39
2021-3-4-0-19-49,15,24,39
2021-3-4-0-19-50,15,25,40
2021-3-4-0-19-51,16,25,41
2021-3-4-0-19-52,15,25,40
2021-3-4-0-19-53,15,25,39
2021-3-4-0-19-54,16,26,40
2021-3-4-0-19-55,16,27,41
2021-3-4-0-19-56,17,27,42
2021-3-4-0-19-57,18,27,42
2021-3-4-0-19-58,19,26,41
2021-3-4-0-19-59,19,26,42
2021-3-4-0-20-0,19,26,42
2021-3-4-0-20-1,19,25,42
2021-3-4-0-20-2,18,24,42
2021-3-4-0-20-3,18,24,41
2021-3-4-0-20-4,18,24,41
2021-3-4-0-20-5,19,25,40
2021-3-4-0-20-6,19,24,41
2021-3-4-0-20-7,20,23,42
2021-3-4-0-20-8,21,24,42
2021-3-4-0-20-9,20,24,41
2021-3-4-0-20-10,19,23,40
2021-3-4-0-20-11,18,24,40
2021-3-4-0-20-12,18,23,40
2021-3-4-0-20-13,19,22,40
2021-3-4-0-20-14,18,22,39
2021-3-4-0-20-15,18,21,39
2021-3-4-0-20-16,17,20,38
2021-3-4-0-20-17,17,20,38
2021-3-4-0-20-18,16,21,38
2021-3-4-0-20-19,17,20,39
2021-3-4-0-20-20,18,19,39
2021-3-4-0-20-21,19,18,38
2021-3-4-0-20-22,19,18,37
2021-3-4-0-20-23,18,17,38
2021-3-4-0-20-24,17,17,37
2021-3-4-0-20-25,16,16,36
2021-3-4-0-20-26,15,16,35
2021-3-4-0-20-27,16,16,36
2021-3-4-0-20-28,15,15,36
2021-3-4-0-20-29,14,16,35
2021-3-4-0-20-30,15,17,34
2021-3-4-0-20-31,16,17,34
2021-3-4-0-20-32,17,17,35
2021-3-4-0-20-33,18,18,34
2021-3-4-0-20-34,18,19,34
2021-3-4-0-20-35,18,18,34
2021-3-4-0-20-36,18,19,35
2021-3-4-0-20-37,17,18,35
2021-3-4-0-20-38,17,18,35
2021-3-4-0-20-39,16,19,35
2021-3-4-0-20-40,17,19,35
2021-3-4-0-20-41,16,18,35
2021-3-4-0-20-42,17,18,35
2021-3-4-0-20-43,16,17,36
2021-3-4-0-20-44,17,17,36
2021-3-4-0-20-45,18,17,35
2021-3-4-0-20-46,17,18,36
2021-3-4-0-20-47,16,19,37
2021-3-4-0-20-48,16,19,38
2021-3-4-0-20-49,15,20,38
2021-3-4-0-20-50,16,19,39
2021-3-4-0-20-51,15,19,40
2021-3-4-0-20-52,16,18,39
2021-3-4-0-20-53,16,18,39
2021-3-4-0-20-54,17,19,38
2021-3-4-0-20-55,16,20,39
2021-3-4-0-20-56,15,19,39
2021-3-4-0-20-57,15,18,39
2021-3-4-0-20-58,14,19,40
2021-3-4-0-20-59,14,19,39
2021-3-4-0-21-0,15,20,40
2021-3-4-0-21-1,16,21,40
2021-3-4-0-21-2,16,20,41
2021-3-4-0-21-3,17,21,41
2021-3-4-0-21-4,16,21,41
2021-3-4-0-21-5,17,21,42
2021-3-4-0-21-6,16,22,41
2021-3-4-0-21-7,17,21,42
2021-3-4-0-21-8,16,22,42
2021-3-4-0-21-9,16,23,42
2021-3-4-0-21-10,17,22,42
2021-3-4-0-21-11,16,21,42
2021-3-4-0-21-12,17,20,42
2021-3-4-0-21-13,18,20,41
2021-3-4-0-21-14,18,20,42
2021-3-4-0-21-15,19,21,43
2021-3-4-0-21-16,19,20,43
2021-3-4-0-21-17,20,20,43
2021-3-4-0-21-18,21,20,43
2021-3-4-0-21-19,22,19,42
2021-3-4-0-21-20,21,20,42
2021-3-4-0-21-21,20,21,43
2021-3-4-0-21-22,20,21,44
2021-3-4-0-21-23,20,20,43
2021-3-4-0-21-24,20,20,43
2021-3-4-0-21-25,20,21,43
2021-3-4-0-21-26,19,21,42
2021-3-4-0-21-27,19,22,42
2021-3-4-0-21-28,20,23,42
2021-3-4-0-21-29,21,24,41
2021-3-4-0-21-30,22,24,41
2021-3-4-0-21-31,23,24,41
2021-3-4-0-21-32,22,24,42
2021-3-4-0-21-33,22,23,43
2021-3-4-0-21-34,23,24,43
2021-3-4-0-21-35,23,25,44
2021-3-4-0-21-36,24,26,43
2021-3-4-0-21-37,24,25,43
2021-3-4-0-21-38,24,25,43
2021-3-4-0-21-39,25,25,43
2021-3-4-0-21-40,24,26,42
2021-3-4-0-21-41,23,25,43
2021-3-4-0-21-42,24,25,44
2021-3-4-0-21-43,24,24,43
2021-3-4-0-21-44,25,24,44
2021-3-4-0-21-45,24,23,44
2021-3-4-0-21-46,25,22,43
2021-3-4-0-21-47,25,23,44
2021-3-4-0-21-48,26,22,45
2021-3-4-0-21-49,25,22,44
2021-3-4-0-21-50,26,21,43
2021-3-4-0-21-51,25,20,43
2021-3-4-0-21-52,24,20,42
2021-3-4-0-21-53,24,20,42
2021-3-4-0-21-54,23,20,43
2021-3-4-0-21-55,23,19,43
2021-3-4-0-21-56,24,18,44
2021-3-4-0-21-57,24,18,44
2021-3-4-0-21-58,23,17,45
2021-3-4-0-21-59,24,17,44
2021-3-4-0-22-0,24,17,43
2021-3-4-0-22-1,25,17,42
2021-3-4-0-22-2,24,17,42
2021-3-4-0-22-3,23,17,42
2021-3-4-0-22-4,22,18,42
2021-3-4-0-22-5,23,17,41
2021-3-4-0-22-6,24,16,40
2021-3-4-0-22-7,24,17,41
2021-3-4-0-22-8,25,18,42
2021-3-4-0-22-9,26,18,43
2021-3-4-0-22-10,26,19,42
2021-3-4-0-22-11,25,19,42
2021-3-4-0-22-12,26,20,42
2021-3-4-0-22-13,25,20,42
2021-3-4-0-22-14,26,21,42
2021-3-4-0-22-15,26,20,41
2021-3-4-0-22-16,27,19,42
2021-3-4-0-22-17,27,18,42
2021-3-4-0-22-18,27,19,42
2021-3-4-0-22-19,27,19,42
2021-3-4-0-22-20,26,20,41
2021-3-4-0-22-21,27,19,42
2021-3-4-0-22-22,26,18,42
2021-3-4-0-22-23,27,18,42
2021-3-4-0-22-24,27,17,43
2021-3-4-0-22-25,27,18,42
2021-3-4-0-22-26,28,17,42
2021-3-4-0-22-27,27,16,42
2021-3-4-0-22-28,27,16,43
2021-3-4-0-22-29,28,16,42
2021-3-4-0-22-30,29,17,41
2021-3-4-0-22-31,29,16,41
2021-3-4-0-22-32,28,17,40
2021-3-4-0-22-33,27,18,41
2021-3-4-0-22-34,27,19,40
2021-3-4-0-22-35,26,20,39
2021-3-4-0-22-36,25,20,39
2021-3-4-0-22-37,26,21,38
2021-3-4-0-22-38,25,20,38
2021-3-4-0-22-39,26,19,38
2021-3-4-0-22-40,27,19,38
2021-3-4-0-22-41,26,18,38
2021-3-4-0-22-42,26,17,38
2021-3-4-0-22-43,27,18,39
2021-3-4-0-22-44,26,17,39
2021-3-4-0-22-45,25,16,40
2021-3-4-0-22-46,26,17,41
2021-3-4-0-22-47,27,16,41
2021-3-4-0-22-48,28,17,41
2021-3-4-0-22-49,28,17,41
2021-3-4-0-22-50,28,17,40
2021-3-4-0-22-51,28,17,39
2021-3-4-0-22-52,27,17,40
2021-3-4-0-22-53,27,17,39
2021-3-4-0-22-54,27,16,38
2021-3-4-0-22-55,28,15,38
2021-3-4-0-22-56,29,14,38
2021-3-4-0-22-57,28,14,37
2021-3-4-0-22-58,27,15,36
2021-3-4-0-22-59,27,15,37
2021-3-4-0-23-0,28,15,37
2021-3-4-0-23-1,29,16,37
2021-3-4-0-23-2,28,15,36
2021-3-4-0-23-3,29,14,35
2021-3-4-0-23-4,30,15,35
2021-3-4-0-23-5,29,15,36
2021-3-4-0-23-6,28,16,35
2021-3-4-0-23-7,27,17,34
2021-3-4-0-23-8,28,18,34
2021-3-4-0-23-9,27,19,33
2021-3-4-0-23-10,26,19,32
2021-3-4-0-23-11,25,18,31
2021-3-4-0-23-12,26,17,31
2021-3-4-0-23-13,26,18,32
2021-3-4-0-23-14,26,17,33
2021-3-4-0-23-15,25,16,32
2021-3-4-0-23-16,26,16,32
2021-3-4-0-23-17,25,17,31
2021-3-4-0-23-18,25,16,31
2021-3-4-0-23-19,25,16,32
2021-3-4-0-23-20,25,16,32
2021-3-4-0-23-21,26,16,31
2021-3-4-0-23-22,27,16,31
2021-3-4-0-23-23,27,15,30
2021-3-4-0-23-24,27,16,30
2021-3-4-0-23-25,28,15,29
2021-3-4-0-23-26,29,15,28
2021-3-4-0-23-27,29,14,27
2021-3-4-0-23-28,28,13,28
2021-3-4-0-23-29,27,14,29
2021-3-4-0-23-30,28,15,29
2021-3-4-0-23-31,27,15,29
2021-3-4-0-23-32,27,16,29
2021-3-4-0-23-33,28,16,30
2021-3-4-0-23-34,28,17,31
2021-3-4-0-23-35,27,18,32
2021-3-4-0-23-36,28,18,33
2021-3-4-0-23-37,29,18,33
2021-3-4-0-23-38,30,18,33
2021-3-4-0-23-39,29,19,34
2021-3-4-0-23-40,28,19,33
2021-3-4-0-23-41,27,19,32
2021-3-4-0-23-42,26,19,31
2021-3-4-0-23-43,27,20,31
2021-3-4-0-23-44,28,20,31
2021-3-4-0-23-45,27,21,30
2021-3-4-0-23-46,26,22,30
2021-3-4-0-23-47,26,21,31
2021-3-4-0-23-48,25,21,31
2021-3-4-0-23-49,26,21,32
2021-3-4-0-23-50,27,21,31
2021-3-4-0-23-51,28,21,30
2021-3-4-0-23-52,27,22,30
2021-3-4-0-23-53,27,23,30
2021-3-4-0-23-54,27,23,30
2021-3-4-0-23-55,26,23,31
2021-3-4-0-23-56,27,24,30
2021-3-4-0-23-57,28,23,30
2021-3-4-0-23-58,28,23,31
2021-3-4-0-23-59,28,24,32
2021-3-4-0-24-0,29,23,32
2021-3-4-0-24-1,28,24,33
2021-3-4-0-24-2,29,24,34
2021-3-4-0-24-3,28,23,33
2021-3-4-0-24-4,28,22,34
2021-3-4-0-24-5,29,23,34
2021-3-4-0-24-6,30,22,35
2021-3-4-0-24-7,31,22,36
2021-3-4-0-24-8,32,22,36
2021-3-4-0-24-9,32,22,36
2021-3-4-0-24-10,31,21,36
2021-3-4-0-24-11,30,22,36
2021-3-4-0-24-12,31,22,35
2021-3-4-0-24-13,31,22,35
2021-3-4-0-24-14,31,23,34
2021-3-4-0-24-15,31,22,35
2021-3-4-0-24-16,31,21,35
2021-3-4-0-24-17,31,22,36
2021-3-4-0-24-18,30,23,35
2021-3-4-0-24-19,31,23,35
2021-3-4-0-24-20,32,24,34
2021-3-4-0-24-21,33,23,35
2021-3-4-0-24-22,32,22,35
2021-3-4-0-24-23,33,23,36
2021-3-4-0-24-24,34,24,35
2021-3-4-0-24-25,34,23,35
2021-3-4-0-24-26,34,22,36
2021-3-4-0-24-27,33,22,37
2021-3-4-0-24-28,33,21,38
2021-3-4-0-24-29,34,21,38
2021-3-4-0-24-30,33,20,37
2021-3-4-0-24-31,33,21,36
2021-3-4-0-24-32,34,20,35
2021-3-4-0-24-33,35,19,34
2021-3-4-0-24-34,36,19,33
2021-3-4-0-24-35,37,20,32
2021-3-4-0-24-36,36,21,31
2021-3-4-0-24-37,36,20,30
2021-3-4-0-24-38,36,19,31
2021-3-4-0-24-39,37,18,32
2021-3-4-0-24-40,36,19,32
2021-3-4-0-24-41,37,20,31
2021-3-4-0-24-42,37,20,30
2021-3-4-0-24-43,36,21,30
2021-3-4-0-24-44,37,22,30
2021-3-4-0-24-45,36,22,29
2021-3-4-0-24-46,35,23,30
2021-3-4-0-24-47,34,23,29
2021-3-4-0-24-48,33,23,30
2021-3-4-0-24-49,33,23,30
2021-3-4-0-24-50,32,24,29
2021-3-4-0-24-51,33,23,30
2021-3-4-0-24-52,34,24,31
2021-3-4-0-24-53,33,25,30
2021-3-4-0-24-54,33,25,30
2021-3-4-0-24-55,33,26,31
2021-3-4-0-24-56,33,26,32
2021-3-4-0-24-57,32,27,33
2021-3-4-0-24-58,33,27,34
2021-3-4-0-24-59,33,28,33
2021-3-4-0-25-0,33,29,34
2021-3-4-0-25-1,34,28,35
2021-3-4-0-25-2,33,29,35
2021-3-4-0-25-3,32,30,36
2021-3-4-0-25-4,31,30,37
2021-3-4-0-25-5,32,31,37
2021-3-4-0-25-6,33,30,36
2021-3-4-0-25-7,32,30,36
2021-3-4-0-25-8,33,31,35
2021-3-4-0-25-9,32,32,36
2021-3-4-0-25-10,33,32,36
2021-3-4-0-25-11,32,31,35
2021-3-4-0-25-12,32,31,35
2021-3-4-0-25-13,32,31,35
2021-3-4-0-25-14,32,31,35
2021-3-4-0-25-15,31,30,35
2021-3-4-0-25-16,32,29,35
2021-3-4-0-25-17,32,28,34
2021-3-4-0-25-18,32,28,33
2021-3-4-0-25-19,31,27,32
2021-3-4-0-25-20,30,28,33
2021-3-4-0-25-21,30,28,34
2021-3-4-0-25-22,29,28,34
2021-3-4-0-25-23,29,27,33
2021-3-4-0-25-24,28,27,32
2021-3-4-0-25-25,28,28,32
2021-3-4-0-25-26,27,27,33
2021-3-4-0-25-27,28,28,34
2021-3-4-0-25-28,28,29,33
2021-3-4-0-25-29,29,29,32
2021-3-4-0-25-30,28,30,33
2021-3-4-0-25-31,29,31,32
2021-3-4-0-25-32,28,30,32
2021-3-4-0-25-33,29,30,33
2021-3-4-0-25-34,28,31,32
2021-3-4-0-25-35,27,30,31
2021-3-4-0-25-36,28,29,32
2021-3-4-0-25-37,28,30,31
2021-3-4-0-25-38,27,29,31
2021-3-4-0-25-39,26,30,31
2021-3-4-0-25-40,26,31,32
2021-3-4-0-25-41,27,32,32
2021-3-4-0-25-42,28,32,31
2021-3-4-0-25-43,27,32,31
2021-3-4-0-25-44,27,33,32
2021-3-4-0-25-45,28,33,31
2021-3-4-0-25-46,29,33,30
2021-3-4-0-25-47,29,32,30
2021-3-4-0-25-48,30,31,30
2021-3-4-0-25-49,31,31,30
2021-3-4-0-25-50,31,30,29
2021-3-4-0-25-51,32,30,28
2021-3-4-0-25-52,32,31,29
2021-3-4-0-25-53,31,30,28
2021-3-4-0-25-54,30,29,28
2021-3-4-0-25-55,30,30,29
2021-3-4-0-25-56,29,30,29
2021-3-4-0-25-57,28,30,29
2021-3-4-0-25-58,27,29,29
2021-3-4-0-25-59,27,29,30
2021-3-4-0-26-0,28,30,29
2021-3-4-0-26-1,27,29,28
2021-3-4-0-26-2,28,28,28
2021-3-4-0-26-3,27,28,29
2021-3-4-0-26-4,27,27,30
2021-3-4-0-26-5,28,27,30
2021-3-4-0-26-6,28,26,30
2021-3-4-0-26-7,28,27,29
2021-3-4-0-26-8,27,27,29
2021-3-4-0-26-9,28,26,30
2021-3-4-0-26-10,28,26,31
2021-3-4-0-26-11,29,27,31
2021-3-4-0-26-12,30,26,30
2021-3-4-0-26-13,29,26,31
2021-3-4-0-26-14,30,26,30
2021-3-4-0-26-15,29,25,29
2021-3-4-0-26-16,28,26,30
2021-3-4-0-26-17,28,27,31
2021-3-4-0-26-18,29,27,31
2021-3-4-0-26-19,30,26,30
2021-3-4-0-26-20,30,25,29
2021-3-4-0-26-21,31,26,29
2021-3-4-0-26-22,30,26,28
2021-3-4-0-26-23,29,26,28
2021-3-4-0-26-24,30,27,27
2021-3-4-0-26-25,30,27,26
2021-3-4-0-26-26,29,27,26
2021-3-4-0-26-27,30,27,26
2021-3-4-0-26-28,29,28,27
2021-3-4-0-26-29,29,28,28
2021-3-4-0-26-30,30,27,28
2021-3-4-0-26-31,31,28,28
2021-3-4-0-26-32,31,29,29
2021-3-4-0-26-33,30,30,30
2021-3-4-0-26-34,31,30,31
2021-3-4-0-26-35,30,31,30
2021-3-4-0-26-36,30,32,30
2021-3-4-0-26-37,29,32,30
2021-3-4-0-26-38,28,32,30
2021-3-4-0-26-39,27,33,31
2021-3-4-0-26-40,27,33,32
2021-3-4-0-26-41,28,34,32
2021-3-4-0-26-42,27,33,31
2021-3-4-0-26-43,28,32,30
2021-3-4-0-26-44,29,32,30
2021-3-4-0-26-45,28,31,30
2021-3-4-0-26-46,28,30,29
2021-3-4-0-26-47,27,30,28
2021-3-4-0-26-48,27,30,29
2021-3-4-0-26-49,28,31,30
2021-3-4-0-26-50,29,32,31
2021-3-4-0-26-51,30,33,32
2021-3-4-0-26-52,30,34,32
2021-3-4-0-26-53,31,33,32
2021-3-4-0-26-54,31,32,33
2021-3-4-0-26-55,30,33,34
2021-3-4-0-26-56,29,34,34
2021-3-4-0-26-57,29,34,33
2021-3-4-0-26-58,28,33,34
2021-3-4-0-26-59,29,33,34
2021-3-4-0-27-0,30,33,35
2021-3-4-0-27-1,30,34,34
2021-3-4-0-27-2,29,33,35
2021-3-4-0-27-3,30,34,36
2021-3-4-0-27-4,30,35,36
2021-3-4-0-27-5,30,35,37
2021-3-4-0-27-6,31,36,37
2021-3-4-0-27-7,30,36,36
2021-3-4-0-27-8,29,37,37
2021-3-4-0-27-9,30,38,37
2021-3-4-0-27-10,30,39,37
2021-3-4-0-27-11,30,40,36
2021-3-4-0-27-12,29,41,37
2021-3-4-0-27-13,28,40,38
2021-3-4-0-27-14,28,41,37
2021-3-4-0-27-15,27,40,38
2021-3-4-0-27-16,26,40,37
2021-3-4-0-27-17,27,41,38
2021-3-4-0-27-18,26,41,38
2021-3-4-0-27-19,27,41,37
2021-3-4-0-27-20,28,41,38
2021-3-4-0-27-21,27,42,39
2021-3-4-0-27-22,28,42,39
2021-3-4-0-27-23,29,43,40
2021-3-4-0-27-24,30,43,39
2021-3-4-0-27-25,30,42,39
2021-3-4-0-27-26,31,41,40
2021-3-4-0-27-27,30,42,41
2021-3-4-0-27-28,30,43,40
2021-3-4-0-27-29,31,42,40
2021-3-4-0-27-30,31,43,41
2021-3-4-0-27-31,32,44,42
2021-3-4-0-27-32,31,45,41
2021-3-4-0-27-33,32,45,42
2021-3-4-0-27-34,31,45,42
2021-3-4-0-27-35,31,44,42
2021-3-4-0-27-36,32,44,43
2021-3-4-0-27-37,33,45,44
2021-3-4-0-27-38,32,46,45
2021-3-4-0-27-39,33,46,44
2021-3-4-0-27-40,34,45,45
2021-3-4-0-27-41,35,45,44
2021-3-4-0-27-42,34,44,43
2021-3-4-0-27-43,34,45,44
2021-3-4-0-27-44,33,46,44
2021-3-4-0-27-45,34,45,43
2021-3-4-0-27-46,34,45,43
2021-3-4-0-27-47,35,44,42
2021-3-4-0-27-48,34,45,41
2021-3-4-0-27-49,33,45,42
2021-3-4-0-27-50,32,46,42
2021-3-4-0-27-51,32,47,41
2021-3-4-0-27-52,33,47,40
2021-3-4-0-27-53,32,46,40
2021-3-4-0-27-54,33,46,41
2021-3-4-0-27-55,32,45,41
2021-3-4-0-27-56,33,46,42
2021-3-4-0-27-57,33,47,42
2021-3-4-0-27-58,34,46,41
2021-3-4-0-27-59,33,46,40
2021-3-4-0-28-0,32,45,41
2021-3-4-0-28-1,33,44,41
2021-3-4-0-28-2,32,43,41
2021-3-4-0-28-3,32,44,42
2021-3-4-0-28-4,31,43,42
2021-3-4-0-28-5,32,43,41
2021-3-4-0-28-6,33,43,41
2021-3-4-0-28-7,32,43,41
2021-3-4-0-28-8,31,43,42
2021-3-4-0-28-9,31,43,42
2021-3-4-0-28-10,30,42,43
2021-3-4-0-28-11,30,41,42
2021-3-4-0-28-12,31,41,41
2021-3-4-0-28-13,32,40,40
2021-3-4-0-28-14,32,39,41
2021-3-4-0-28-15,32,40,40
2021-3-4-0-28-16,32,41,41
2021-3-4-0-28-17,33,42,42
2021-3-4-0-28-18,34,42,41
2021-3-4-0-28-19,35,42,40
2021-3-4-0-28-20,34,41,40
2021-3-4-0-28-21,34,40,40
2021-3-4-0-28-22,35,41,40
2021-3-4-0-28-23,35,41,40
2021-3-4-0-28-24,35,40,39
2021-3-4-0-28-25,36,39,39
2021-3-4-0-28-26,35,40,38
2021-3-4-0-28-27,36,40,38
2021-3-4-0-28-28,35,40,37
2021-3-4-0-28-29,34,40,38
2021-3-4-0-28-30,33,39,38
2021-3-4-0-28-31,33,40,39
2021-3-4-0-28-32,33,39,39
2021-3-4-0-28-33,34,39,38
2021-3-4-0-28-34,34,39,39
2021-3-4-0-28-35,34,39,39
2021-3-4-0-28-36,35,39,39
2021-3-4-0-28-37,36,38,38
2021-3-4-0-28-38,35,38,39
2021-3-4-0-28-39,34,37,39
2021-3-4-0-28-40,34,36,39
2021-3-4-0-28-41,35,35,39
2021-3-4-0-28-42,36,35,38
2021-3-4-0-28-43,36,35,37
2021-3-4-0-28-44,35,36,36
2021-3-4-0-28-45,36,36,35
2021-3-4-0-28-46,37,36,36
2021-3-4-0-28-47,37,37,35
2021-3-4-0-28-48,38,38,35
2021-3-4-0-28-49,38,37,35
2021-3-4-0-28-50,38,37,36
2021-3-4-0-28-51,38,38,36
2021-3-4-0-28-52,38,37,36
2021-3-4-0-28-53,39,36,37
2021-3-4-0-28-54,39,36,36
2021-3-4-0-28-55,40,35,37
2021-3-4-0-28-56,40,35,36
2021-3-4-0-28-57,41,35,36
2021-3-4-0-28-58,41,35,35
2021-3-4-0-28-59,42,35,35
2021-3-4-0-29-0,42,34,36
2021-3-4-0-29-1,41,35,36
2021-3-4-0-29-2,41,36,35
2021-3-4-0-29-3,40,37,36
2021-3-4-0-29-4,39,36,37
2021-3-4-0-29-5,39,37,37
2021-3-4-0-29-6,39,36,36
2021-3-4-0-29-7,38,37,37
2021-3-4-0-29-8,38,38,36
2021-3-4-0-29-9,39,39,37
2021-3-4-0-29-10,38,40,38
2021-3-4-0-29-11,39,39,38
2021-3-4-0-29-12,40,40,37
2021-3-4-0-29-13,39,40,36
2021-3-4-0-29-14,39,40,35
2021-3-4-0-29-15,38,40,34
2021-3-4-0-29-16,38,39,35
2021-3-4-0-29-17,38,39,34
2021-3-4-0-29-18,39,38,33
2021-3-4-0-29-19,40,39,32
2021-3-4-0-29-20,39,39,32
2021-3-4-0-29-21,39,40,31
2021-3-4-0-29-22,40,40,31
2021-3-4-0-29-23,39,41,32
2021-3-4-0-29-24,39,41,33
2021-3-4-0-29-25,39,41,34
2021-3-4-0-29-26,39,41,34
2021-3-4-0-29-27,40,40,34
2021-3-4-0-29-28,39,40,35
2021-3-4-0-29-29,39,39,34
2021-3-4-0-29-30,39,39,33
2021-3-4-0-29-31,40,39,32
2021-3-4-0-29-32,40,39,31
2021-3-4-0-29-33,40,40,30
2021-3-4-0-29-34,40,40,31
2021-3-4-0-29-35,39,41,30
2021-3-4-0-29-36,39,40,30
2021-3-4-0-29-37,38,40,31
2021-3-4-0-29-38,39,39,31
2021-3-4-0-29-39,40,39,32
2021-3-4-0-29-40,39,38,31
2021-3-4-0-29-41,40,37,30
2021-3-4-0-29-42,41,37,29
2021-3-4-0-29-43,42,37,30
2021-3-4-0-29-44,41,38,29
2021-3-4-0-29-45,42,37,28
2021-3-4-0-29-46,41,38,27
2021-3-4-0-29-47,40,38,26
2021-3-4-0-29-48,40,37,27
2021-3-4-0-29-49,39,38,26
2021-3-4-0-29-50,39,38,27
2021-3-4-0-29-51,39,38,28
2021-3-4-0-29-52,38,38,28
2021-3-4-0-29-53,39,37,27
2021-3-4-0-29-54,39,37,28
2021-3-4-0-29-55,40,37,28
2021-3-4-0-29-56,40,37,29
2021-3-4-0-29-57,39,36,30
2021-3-4-0-29-58,40,35,29
2021-3-4-0-29-59,39,34,30
2021-3-4-0-30-0,40,33,31
2021-3-4-0-30-1,39,32,31
2021-3-4-0-30-2,40,32,32
2021-3-4-0-30-3,39,32,32
2021-3-4-0-30-4,40,32,33
2021-3-4-0-30-5,39,32,32
2021-3-4-0-30-6,39,31,31
2021-3-4-0-30-7,39,30,32
2021-3-4-0-30-8,40,31,32
2021-3-4-0-30-9,40,30,31
2021-3-4-0-30-10,40,30,32
2021-3-4-0-30-11,40,30,32
2021-3-4-0-30-12,39,30,31
2021-3-4-0-30-13,40,31,30
2021-3-4-0-30-14,41,30,31
2021-3-4-0-30-15,40,31,31
2021-3-4-0-30-16,41,32,32
2021-3-4-0-30-17,42,33,31
2021-3-4-0-30-18,42,33,31
2021-3-4-0-30-19,42,32,32
2021-3-4-0-30-20,41,33,32
2021-3-4-0-30-21,42,33,31
2021-3-4-0-30-22,42,32,30
2021-3-4-0-30-23,42,31,31
2021-3-4-0-30-24,41,32,32
2021-3-4-0-30-25,40,32,33
2021-3-4-0-30-26,39,33,32
2021-3-4-0-30-27,38,32,32
2021-3-4-0-30-28,37,32,33
2021-3-4-0-30-29,37,31,34
2021-3-4-0-30-30,37,32,34
2021-3-4-0-30-31,38,33,35
2021-3-4-0-30-32,37,34,34
2021-3-4-0-30-33,37,33,33
2021-3-4-0-30-34,38,32,32
2021-3-4-0-30-35,39,32,33
2021-3-4-0-30-36,39,32,32
2021-3-4-0-30-37,38,33,32
2021-3-4-0-30-38,39,32,31
2021-3-4-0-30-39,39,32,32
2021-3-4-0-30-40,38,33,33
2021-3-4-0-30-41,37,33,33
2021-3-4-0-30-42,38,32,33
2021-3-4-0-30-43,37,31,32
2021-3-4-0-30-44,36,31,32
2021-3-4-0-30-45,36,31,31
2021-3-4-0-30-46,35,32,30
2021-3-4-0-30-47,36,32,31
2021-3-4-0-30-48,36,32,32
2021-3-4-0-30-49,36,31,32
2021-3-4-0-30-50,35,32,33
2021-3-4-0-30-51,35,31,34
2021-3-4-0-30-52,34,32,34
2021-3-4-0-30-53,33,31,33
2021-3-4-0-30-54,32,31,32
2021-3-4-0-30-55,31,30,31
2021-3-4-0-30-56,31,30,30
2021-3-4-0-30-57,30,30,30
2021-3-4-0-30-58,31,29,30
2021-3-4-0-30-59,32,28,31
2021-3-4-0-31-0,33,27,31
2021-3-4-0-31-1,34,26,32
2021-3-4-0-31-2,33,26,32
2021-3-4-0-31-3,33,26,33
2021-3-4-0-31-4,33,26,34
2021-3-4-0-31-5,32,25,35
2021-3-4-0-31-6,31,25,36
2021-3-4-0-31-7,30,25,37
2021-3-4-0-31-8,30,26,38
2021-3-4-0-31-9,31,27,39
2021-3-4-0-31-10,32,28,40
2021-3-4-0-31-11,33,27,41
2021-3-4-0-31-12,32,28,41
2021-3-4-0-31-13,32,28,40
2021-3-4-0-31-14,33,27,39
2021-3-4-0-31-15,33,28,40
2021-3-4-0-31-16,34,28,40
2021-3-4-0-31-17,33,29,41
2021-3-4-0-31-18,32,30,41
2021-3-4-0-31-19,33,29,40
2021-3-4-0-31-20,34,30,39
2021-3-4-0-31-21,35,29,38
2021-3-4-0-31-22,34,30,39
2021-3-4-0-31-23,33,31,38
2021-3-4-0-31-24,32,32,37
2021-3-4-0-31-25,33,33,38
2021-3-4-0-31-26,33,33,38
2021-3-4-0-31-27,33,34,38
2021-3-4-0-31-28,32,34,38
2021-3-4-0-31-29,33,33,37
2021-3-4-0-31-30,32,34,36
2021-3-4-0-31-31,31,35,36
2021-3-4-0-31-32,32,36,36
2021-3-4-0-31-33,32,35,35
2021-3-4-0-31-34,31,34,35
2021-3-4-0-31-35,31,34,36
2021-3-4-0-31-36,32,33,37
2021-3-4-0-31-37,33,34,36
2021-3-4-0-31-38,34,35,37
2021-3-4-0-31-39,34,34,37
2021-3-4-0-31-40,33,34,36
2021-3-4-0-31-41,34,35,36
2021-3-4-0-31-42,33,36,36
2021-3-4-0-31-43,33,35,37
2021-3-4-0-31-44,32,35,38
2021-3-4-0-31-45,32,35,37
2021-3-4-0-31-46,32,35,37
2021-3-4-0-31-47,32,36,37
2021-3-4-0-31-48,32,37,36
2021-3-4-0-31-49,32,38,36
2021-3-4-0-31-50,31,38,35
2021-3-4-0-31-51,31,37,34
2021-3-4-0-31-52,31,37,34
2021-3-4-0-31-53,32,38,34
2021-3-4-0-31-54,33,37,34
2021-3-4-0-31-55,34,37,34
2021-3-4-0-31-56,34,38,34
2021-3-4-0-31-57,35,37,35
2021-3-4-0-31-58,36,37,36
2021-3-4-0-31-59,36,36,35
2021-3-4-0-32-0,36,35,34
2021-3-4-0-32-1,37,35,35
2021-3-4-0-32-2,37,34,35
2021-3-4-0-32-3,36,35,36
2021-3-4-0-32-4,36,34,36
2021-3-4-0-32-5,36,35,35
2021-3-4-0-32-6,36,35,35
2021-3-4-0-32-7,35,36,35
2021-3-4-0-32-8,36,36,34
2021-3-4-0-32-9,37,35,35
2021-3-4-0-32-10,36,36,36
2021-3-4-0-32-11,35,36,35
2021-3-4-0-32-12,34,36,35
2021-3-4-0-32-13,34,37,34
2021-3-4-0-32-14,33,37,33
2021-3-4-0-32-15,33,36,32
2021-3-4-0-32-16,34,36,33
2021-3-4-0-32-17,33,36,33
2021-3-4-0-32-18,33,35,32
2021-3-4-0-32-19,32,34,32
2021-3-4-0-32-20,31,34,33
2021-3-4-0-32-21,32,33,32
2021-3-4-0-32-22,31,32,31
2021-3-4-0-32-23,31,32,31
2021-3-4-0-32-24,31,32,32
2021-3-4-0-32-25,30,32,31
2021-3-4-0-32-26,29,32,31
2021-3-4-0-32-27,30,33,32
2021-3-4-0-32-28,31,32,32
2021-3-4-0-32-29,31,32,31
2021-3-4-0-32-30,30,31,30
2021-3-4-0-32-31,31,30,30
2021-3-4-0-32-32,32,30,31
2021-3-4-0-32-33,33,30,30
2021-3-4-0-32-34,33,30,29
2021-3-4-0-32-35,33,29,28
2021-3-4-0-32-36,33,29,28
2021-3-4-0-32-37,34,28,27
2021-3-4-0-32-38,33,28,27
2021-3-4-0-32-39,33,28,27
2021-3-4-0-32-40,34,28,27
2021-3-4-0-32-41,34,28,26
2021-3-4-0-32-42,33,27,26
2021-3-4-0-32-43,34,27,26
2021-3-4-0-32-44,34,26,26
2021-3-4-0-32-45,35,25,27
2021-3-4-0-32-46,36,26,28
2021-3-4-0-32-47,36,25,28
2021-3-4-0-32-48,37,25,28
2021-3-4-0-32-49,37,26,27
2021-3-4-0-32-50,37,25,26
2021-3-4-0-32-51,37,25,26
2021-3-4-0-32-52,38,24,25
2021-3-4-0-32-53,37,25,26
2021-3-4-0-32-54,37,25,25
2021-3-4-0-32-55,36,26,26
2021-3-4-0-32-56,37,26,25
2021-3-4-0-32-57,38,27,25
2021-3-4-0-32-58,37,28,26
2021-3-4-0-32-59,36,28,26
2021-3-4-0-33-0,37,27,25
2021-3-4-0-33-1,38,26,26
2021-3-4-0-33-2,39,26,27
2021-3-4-0-33-3,38,26,27
2021-3-4-0-33-4,37,25,27
2021-3-4-0-33-5,36,24,26
2021-3-4-0-33-6,35,24,27
2021-3-4-0-33-7,35,25,26
2021-3-4-0-33-8,34,26,26
2021-3-4-0-33-9,33,27,27
2021-3-4-0-33-10,34,28,27
2021-3-4-0-33-11,33,29,26
2021-3-4-0-33-12,32,30,27
2021-3-4-0-33-13,33,31,28
2021-3-4-0-33-14,33,30,29
2021-3-4-0-33-15,33,29,30
2021-3-4-0-33-16,34,29,31
2021-3-4-0-33-17,33,30,31
2021-3-4-0-33-18,33,30,32
2021-3-4-0-33-19,32,29,31
2021-3-4-0-33-20,33,30,32
2021-3-4-0-33-21,34,31,31
2021-3-4-0-33-22,35,30,30
2021-3-4-0-33-23,36,30,31
2021-3-4-0-33-24,36,31,30
2021-3-4-0-33-25,37,31,30
2021-3-4-0-33-26,38,32,29
2021-3-4-0-33-27,39,33,30
2021-3-4-0-33-28,40,34,30
2021-3-4-0-33-29,41,33,30
2021-3-4-0-33-30,41,34,31
2021-3-4-0-33-31,42,33,32
2021-3-4-0-33-32,42,34,32
2021-3-4-0-33-33,42,33,31
2021-3-4-0-33-34,42,33,30
2021-3-4-0-33-35,41,33,30
2021-3-4-0-33-36,42,33,30
2021-3-4-0-33-37,41,33,29
2021-3-4-0-33-38,40,32,30
2021-3-4-0-33-39,39,32,31
2021-3-4-0-33-40,38,33,31
2021-3-4-0-33-41,38,33,32
2021-3-4-0-33-42,38,32,33
2021-3-4-0-33-43,37,33,34
2021-3-4-0-33-44,36,34,33
2021-3-4-0-33-45,37,33,32
2021-3-4-0-33-46,37,32,33
2021-3-4-0-33-47,36,31,34
2021-3-4-0-33-48,36,30,34
2021-3-4-0-33-49,36,29,34
2021-3-4-0-33-50,35,28,33
2021-3-4-0-33-51,35,28,32
2021-3-4-0-33-52,34,28,31
2021-3-4-0-33-53,35,29,32
2021-3-4-0-33-54,35,29,32
2021-3-4-0-33-55,34,29,33
2021-3-4-0-33-56,33,28,33
2021-3-4-0-33-57,32,28,33
2021-3-4-0-33-58,31,28,33
2021-3-4-0-33-59,32,27,34
2021-3-4-0-34-0,33,26,33
2021-3-4-0-34-1,34,26,32
2021-3-4-0-34-2,33,27,32
2021-3-4-0-34-3,34,27,32
2021-3-4-0-34-4,33,26,31
2021-3-4-0-34-5,32,26,32
2021-3-4-0-34-6,32,27,32
2021-3-4-0-34-7,33,28,31
2021-3-4-0-34-8,32,29,32
2021-3-4-0-34-9,31,28,31
2021-3-4-0-34-10,32,29,32
2021-3-4-0-34-11,32,28,33
2021-3-4-0-34-12,32,29,34
2021-3-4-0-34-13,31,29,34
2021-3-4-0-34-14,31,29,34
2021-3-4-0-34-15,32,30,34
2021-3-4-0-34-16,31,30,35
2021-3-4-0-34-17,31,31,34
2021-3-4-0-34-18,31,30,35
2021-3-4-0-34-19,30,31,34
2021-3-4-0-34-20,29,32,34
2021-3-4-0-34-21,29,31,35
2021-3-4-0-34-22,30,30,36
2021-3-4-0-34-23,30,29,36
2021-3-4-0-34-24,31,28,36
2021-3-4-0-34-25,30,28,37
2021-3-4-0-34-26,29,28,38
2021-3-4-0-34-27,29,28,37
2021-3-4-0-34-28,29,28,37
2021-3-4-0-34-29,28,28,38
2021-3-4-0-34-30,27,29,39
2021-3-4-0-34-31,28,30,38
2021-3-4-0-34-32,27,31,37
2021-3-4-0-34-33,28,31,37
2021-3-4-0-34-34,27,30,37
2021-3-4-0-34-35,28,31,36
2021-3-4-0-34-36,27,31,37
2021-3-4-0-34-37,27,32,37
2021-3-4-0-34-38,28,31,38
2021-3-4-0-34-39,29,32,39
2021-3-4-0-34-40,30,31,38
2021-3-4-0-34-41,29,32,39
2021-3-4-0-34-42,29,32,39
2021-3-4-0-34-43,28,33,40
2021-3-4-0-34-44,28,34,41
2021-3-4-0-34-45,29,35,42
2021-3-4-0-34-46,28,34,41
2021-3-4-0-34-47,29,34,40
2021-3-4-0-34-48,30,35,40
2021-3-4-0-34-49,29,36,40
2021-3-4-0-34-50,28,36,40
2021-3-4-0-34-51,29,35,41
2021-3-4-0-34-52,29,34,42
2021-3-4-0-34-53,30,33,43
2021-3-4-0-34-54,30,33,43
2021-3-4-0-34-55,30,34,43
2021-3-4-0-34-56,31,34,43
2021-3-4-0-34-57,30,33,43
2021-3-4-0-34-58,30,32,43
2021-3-4-0-34-59,29,31,44
2021-3-4-0-35-0,29,31,44
2021-3-4-0-35-1,29,32,43
2021-3-4-0-35-2,29,32,43
2021-3-4-0-35-3,29,31,42
2021-3-4-0-35-4,29,30,43
2021-3-4-0-35-5,28,31,44
2021-3-4-0-35-6,28,31,45
2021-3-4-0-35-7,28,31,45
2021-3-4-0-35-8,29,32,44
2021-3-4-0-35-9,30,32,44
2021-3-4-0-35-10,30,31,45
2021-3-4-0-35-11,31,31,44
2021-3-4-0-35-12,30,31,43
2021-3-4-0-35-13,31,31,43
2021-3-4-0-35-14,30,30,43
2021-3-4-0-35-15,29,29,43
2021-3-4-0-35-16,29,30,44
2021-3-4-0-35-17,28,30,43
2021-3-4-0-35-18,29,30,43
2021-3-4-0-35-19,30,31,42
2021-3-4-0-35-20,29,30,43
2021-3-4-0-35-21,28,30,43
2021-3-4-0-35-22,28,29,44
2021-3-4-0-35-23,27,30,43
2021-3-4-0-35-24,26,31,44
2021-3-4-0-35-25,26,30,44
2021-3-4-0-35-26,27,29,44
2021-3-4-0-35-27,27,30,45
2021-3-4-0-35-28,27,30,45
2021-3-4-0-35-29,28,29,44
2021-3-4-0-35-30,28,28,45
2021-3-4-0-35-31,29,27,45
2021-3-4-0-35-32,29,27,46
2021-3-4-0-35-33,29,27,45
2021-3-4-0-35-34,28,26,44
2021-3-4-0-35-35,29,26,45
2021-3-4-0-35-36,28,27,45
2021-3-4-0-35-37,27,28,46
2021-3-4-0-35-38,28,28,46
2021-3-4-0-35-39,29,27,46
2021-3-4-0-35-40,29,28,45
2021-3-4-0-35-41,29,29,46
2021-3-4-0-35-42,29,30,46
2021-3-4-0-35-43,30,31,46
2021-3-4-0-35-44,30,31,45
2021-3-4-0-35-45,29,31,46
2021-3-4-0-35-46,29,32,45
2021-3-4-0-35-47,30,32,46
2021-3-4-0-35-48,29,32,47
2021-3-4-0-35-49,29,31,48
2021-3-4-0-35-50,28,31,49
2021-3-4-0-35-51,29,31,50
2021-3-4-0-35-52,30,30,50
2021-3-4-0-35-53,31,31,51
2021-3-4-0-35-54,32,32,50
2021-3-4-0-35-55,33,32,50
2021-3-4-0-35-56,34,33,51
2021-3-4-0-35-57,35,32,50
2021-3-4-0-35-58,34,32,50
2021-3-4-0-35-59,33,33,51
2021-3-4-0-36-0,33,34,50
2021-3-4-0-36-1,33,34,51
2021-3-4-0-36-2,34,35,51
2021-3-4-0-36-3,34,35,50
2021-3-4-0-36-4,34,36,50
2021-3-4-0-36-5,33,37,50
2021-3-4-0-36-6,33,38,49
2021-3-4-0-36-7,34,38,50
2021-3-4-0-36-8,34,37,51
2021-3-4-0-36-9,33,36,51
2021-3-4-0-36-10,34,35,50
2021-3-4-0-36-11,33,34,49
2021-3-4-0-36-12,33,34,48
2021-3-4-0-36-13,34,34,47
2021-3-4-0-36-14,35,33,46
2021-3-4-0-36-15,35,34,47
2021-3-4-0-36-16,34,35,47
2021-3-4-0-36-17,33,34,46
2021-3-4-0-36-18,32,35,47
2021-3-4-0-36-19,33,35,46
2021-3-4-0-36-20,32,36,47
2021-3-4-0-36-21,31,37,46
2021-3-4-0-36-22,32,37,46
2021-3-4-0-36-23,31,38,47
2021-3-4-0-36-24,31,38,46
2021-3-4-0-36-25,32,38,45
2021-3-4-0-36-26,32,39,46
2021-3-4-0-36-27,33,40,45
2021-3-4-0-36-28,34,40,45
2021-3-4-0-36-29,35,39,44
2021-3-4-0-36-30,34,38,44
2021-3-4-0-36-31,35,38,43
2021-3-4-0-36-32,34,38,42
2021-3-4-0-36-33,34,39,41
2021-3-4-0-36-34,34,40,42
2021-3-4-0-36-35,35,39,43
2021-3-4-0-36-36,34,40,43
2021-3-4-0-36-37,35,41,42
2021-3-4-0-36-38,34,42,43
2021-3-4-0-36-39,35,42,42
2021-3-4-0-36-40,35,42,42
2021-3-4-0-36-41,36,41,41
2021-3-4-0-36-42,36,40,42
2021-3-4-0-36-43,36,40,41
2021-3-4-0-36-44,36,39,41
2021-3-4-0-36-45,37,38,41
2021-3-4-0-36-46,36,38,41
2021-3-4-0-36-47,35,39,41
2021-3-4-0-36-48,36,39,42
2021-3-4-0-36-49,35,40,42
2021-3-4-0-36-50,35,39,41
2021-3-4-0-36-51,34,40,41
2021-3-4-0-36-52,34,39,40
2021-3-4-0-36-53,34,39,40
2021-3-4-0-36-54,35,39,40
2021-3-4-0-36-55,34,39,41
2021-3-4-0-36-56,34,38,42
2021-3-4-0-36-57,35,39,43
2021-3-4-0-36-58,36,40,44
2021-3-4-0-36-59,36,40,45
2021-3-4-0-37-0,36,39,46
2021-3-4-0-37-1,36,39,46
2021-3-4-0-37-2,36,38,47
2021-3-4-0-37-3,36,37,46
2021-3-4-0-37-4,35,38,46
2021-3-4-0-37-5,34,38,46
2021-3-4-0-37-6,35,38,47
2021-3-4-0-37-7,36,38,48
2021-3-4-0-37-8,37,37,49
2021-3-4-0-37-9,36,36,48
2021-3-4-0-37-10,37,36,49
2021-3-4-0-37-11,36,36,48
2021-3-4-0-37-12,36,37,49
2021-3-4-0-37-13,36,36,50
2021-3-4-0-37-14,36,35,50
2021-3-4-0-37-15,37,34,49
2021-3-4-0-37-16,37,34,50
2021-3-4-0-37-17,37,34,51
2021-3-4-0-37-18,36,35,52
2021-3-4-0-37-19,36,35,51
2021-3-4-0-37-20,36,34,52
2021-3-4-0-37-21,37,35,51
2021-3-4-0-37-22,36,36,52
2021-3-4-0-37-23,36,37,51
2021-3-4-0-37-24,37,38,51
2021-3-4-0-37-25,37,38,52
2021-3-4-0-37-26,36,39,53
2021-3-4-0-37-27,37,38,52
2021-3-4-0-37-28,36,39,53
2021-3-4-0-37-29,36,39,52
2021-3-4-0-37-30,35,38,53
2021-3-4-0-37-31,36,37,54
2021-3-4-0-37-32,37,38,53
2021-3-4-0-37-33,36,38,53
2021-3-4-0-37-34,37,39,53
2021-3-4-0-37-35,38,38,52
2021-3-4-0-37-36,37,39,53
2021-3-4-0-37-37,36,38,54
2021-3-4-0-37-38,37,39,53
2021-3-4-0-37-39,38,40,52
2021-3-4-0-37-40,39,41,53
2021-3-4-0-37-41,40,42,52
2021-3-4-0-37-42,39,43,51
2021-3-4-0-37-43,39,44,50
2021-3-4-0-37-44,38,43,49
2021-3-4-0-37-45,37,43,48
2021-3-4-0-37-46,38,44,48
2021-3-4-0-37-47,37,43,48
2021-3-4-0-37-48,36,44,49
2021-3-4-0-37-49,36,44,50
2021-3-4-0-37-50,35,44,50
2021-3-4-0-37-51,34,44,49
2021-3-4-0-37-52,33,44,50
2021-3-4-0-37-53,33,44,49
2021-3-4-0-37-54,34,44,48
2021-3-4-0-37-55,34,45,47
2021-3-4-0-37-56,34,44,48
2021-3-4-0-37-57,35,43,47
2021-3-4-0-37-58,35,44,47
2021-3-4-0-37-59,36,43,47
2021-3-4-0-38-0,35,44,47
2021-3-4-0-38-1,36,43,47
2021-3-4-0-38-2,35,42,46
2021-3-4-0-38-3,36,41,46
2021-3-4-0-38-4,35,42,47
2021-3-4-0-38-5,36,42,46
2021-3-4-0-38-6,36,43,45
2021-3-4-0-38-7,35,43,44
2021-3-4-0-38-8,35,44,43
2021-3-4-0-38-9,35,44,42
2021-3-4-0-38-10,35,44,41
2021-3-4-0-38-11,36,45,40
2021-3-4-0-38-12,36,44,39
2021-3-4-0-38-13,35,45,40
2021-3-4-0-38-14,36,44,40
2021-3-4-0-38-15,36,43,41
2021-3-4-0-38-16,36,43,41
2021-3-4-0-38-17,37,43,41
2021-3-4-0-38-18,37,42,41
2021-3-4-0-38-19,38,43,42
2021-3-4-0-38-20,37,43,43
2021-3-4-0-38-21,37,44,43
2021-3-4-0-38-22,37,43,42
2021-3-4-0-38-23,37,42,43
2021-3-4-0-38-24,38,41,43
2021-3-4-0-38-25,37,41,43
2021-3-4-0-38-26,38,40,43
2021-3-4-0-38-27,39,40,44
2021-3-4-0-38-28,40,41,44
2021-3-4-0-38-29,40,40,43
2021-3-4-0-38-30,40,40,43
2021-3-4-0-38-31,39,39,42
2021-3-4-0-38-32,39,40,43
2021-3-4-0-38-33,39,39,44
2021-3-4-0-38-34,40,38,43
2021-3-4-0-38-35,39,37,44
2021-3-4-0-38-36,38,37,43
2021-3-4-0-38-37,39,37,44
2021-3-4-0-38-38,40,37,45
2021-3-4-0-38-39,39,38,45
2021-3-4-0-38-40,40,38,44
2021-3-4-0-38-41,40,39,44
2021-3-4-0-38-42,41,39,44
2021-3-4-0-38-43,42,38,43
2021-3-4-0-38-44,41,38,42
2021-3-4-0-38-45,40,38,42
2021-3-4-0-38-46,39,38,42
2021-3-4-0-38-47,38,38,43
2021-3-4-0-38-48,39,38,43
2021-3-4-0-38-49,40,37,42
2021-3-4-0-38-50,40,38,43
2021-3-4-0-38-51,41,39,43
2021-3-4-0-38-52,40,38,43
2021-3-4-0-38-53,39,37,43
2021-3-4-0-38-54,39,36,43
2021-3-4-0-38-55,38,35,44
2021-3-4-0-38-56,39,35,44
2021-3-4-0-38-57,38,36,45
2021-3-4-0-38-58,39,35,46
2021-3-4-0-38-59,39,36,47
2021-3-4-0-39-0,38,36,46
2021-3-4-0-39-1,39,37,45
2021-3-4-0-39-2,38,36,45
2021-3-4-0-39-3,38,37,46
2021-3-4-0-39-4,37,37,46
2021-3-4-0-39-5,36,36,47
2021-3-4-0-39-6,36,37,47
2021-3-4-0-39-7,36,36,46
2021-3-4-0-39-8,36,37,46
2021-3-4-0-39-9,35,38,46
2021-3-4-0-39-10,36,37,45
2021-3-4-0-39-11,35,38,44
2021-3-4-0-39-12,34,38,45
2021-3-4-0-39-13,34,39,45
2021-3-4-0-39-14,35,39,44
2021-3-4-0-39-15,36,40,43
2021-3-4-0-39-16,35,41,42
2021-3-4-0-39-17,35,42,42
2021-3-4-0-39-18,36,43,43
2021-3-4-0-39-19,36,42,42
2021-3-4-0-39-20,36,42,43
2021-3-4-0-39-21,36,41,44
2021-3-4-0-39-22,37,41,43
2021-3-4-0-39-23,38,42,43
2021-3-4-0-39-24,37,42,43
2021-3-4-0-39-25,37,42,43
2021-3-4-0-39-26,37,41,42
2021-3-4-0-39-27,36,41,43
2021-3-4-0-39-28,35,42,43
2021-3-4-0-39-29,34,42,43
2021-3-4-0-39-30,33,42,43
2021-3-4-0-39-31,32,42,44
2021-3-4-0-39-32,33,43,45
2021-3-4-0-39-33,33,42,46
2021-3-4-0-39-34,33,41,45
2021-3-4-0-39-35,33,42,44
2021-3-4-0-39-36,34,42,44
2021-3-4-0-39-37,34,42,44
2021-3-4-0-39-38,35,43,45
2021-3-4-0-39-39,34,44,44
2021-3-4-0-39-40,35,45,43
2021-3-4-0-39-41,34,46,43
2021-3-4-0-39-42,35,46,42
2021-3-4-0-39-43,35,46,43
2021-3-4-0-39-44,36,45,42
2021-3-4-0-39-45,36,45,41
2021-3-4-0-39-46,35,44,41
2021-3-4-0-39-47,35,45,41
2021-3-4-0-39-48,34,45,42
2021-3-4-0-39-49,35,44,41
2021-3-4-0-39-50,35,44,41
2021-3-4-0-39-51,34,43,40
2021-3-4-0-39-52,33,44,39
2021-3-4-0-39-53,32,43,39
2021-3-4-0-39-54,31,44,38
2021-3-4-0-39-55,30,44,37
2021-3-4-0-39-56,29,45,36
2021-3-4-0-39-57,30,46,35
2021-3-4-0-39-58,29,47,36
2021-3-4-0-39-59,28,48,36
2021-3-4-0-40-0,27,47,35
2021-3-4-0-40-1,27,48,34
2021-3-4-0-40-2,27,49,33
2021-3-4-0-40-3,28,48,34
2021-3-4-0-40-4,28,47,34
2021-3-4-0-40-5,29,48,35
2021-3-4-0-40-6,29,47,36
2021-3-4-0-40-7,30,48,36
2021-3-4-0-40-8,29,49,36
2021-3-4-0-40-9,30,49,37
2021-3-4-0-40-10,31,48,36
2021-3-4-0-40-11,30,48,37
2021-3-4-0-40-12,29,48,36
2021-3-4-0-40-13,29,49,35
2021-3-4-0-40-14,29,49,35
2021-3-4-0-40-15,29,49,36
2021-3-4-0-40-16,29,50,36
2021-3-4-0-40-17,29,49,37
2021-3-4-0-40-18,28,50,36
2021-3-4-0-40-19,29,50,37
2021-3-4-0-40-20,28,50,38
2021-3-4-0-40-21,27,51,39
2021-3-4-0-40-22,28,50,39
2021-3-4-0-40-23,29,49,38
2021-3-4-0-40-24,30,48,39
2021-3-4-0-40-25,29,48,38
2021-3-4-0-40-26,28,49,37
2021-3-4-0-40-27,28,50,38
2021-3-4-0-40-28,28,49,38
2021-3-4-0-40-29,29,48,37
2021-3-4-0-40-30,30,49,38
2021-3-4-0-40-31,31,48,38
2021-3-4-0-40-32,32,47,37
2021-3-4-0-40-33,33,48,37
2021-3-4-0-40-34,34,49,36
2021-3-4-0-40-35,33,49,35
2021-3-4-0-40-36,34,49,34
2021-3-4-0-40-37,34,48,34
2021-3-4-0-40-38,34,48,34
2021-3-4-0-40-39,33,49,35
2021-3-4-0-40-40,34,49,36
2021-3-4-0-40-41,35,48,37
2021-3-4-0-40-42,35,48,37
2021-3-4-0-40-43,34,48,38
2021-3-4-0-40-44,33,49,37
2021-3-4-0-40-45,32,50,38
2021-3-4-0-40-46,31,51,37
2021-3-4-0-40-47,30,50,37
2021-3-4-0-40-48,29,49,37
2021-3-4-0-40-49,30,48,38
2021-3-4-0-40-50,29,49,39
2021-3-4-0-40-51,28,50,38
2021-3-4-0-40-52,28,51,38
2021-3-4-0-40-53,28,52,37
2021-3-4-0-40-54,29,51,37
2021-3-4-0-40-55,29,50,37
2021-3-4-0-40-56,29,50,37
2021-3-4-0-40-57,29,49,38
2021-3-4-0-40-58,28,49,38
2021-3-4-0-40-59,28,49,38
2021-3-4-0-41-0,27,50,37
2021-3-4-0-41-1,26,51,38
2021-3-4-0-41-2,27,52,39
2021-3-4-0-41-3,27,52,40
2021-3-4-0-41-4,28,51,41
2021-3-4-0-41-5,29,51,40
2021-3-4-0-41-6,29,52,40
2021-3-4-0-41-7,28,51,41
2021-3-4-0-41-8,28,51,41
2021-3-4-0-41-9,27,50,41
2021-3-4-0-41-10,27,50,40
2021-3-4-0-41-11,26,51,40
2021-3-4-0-41-12,25,52,39
2021-3-4-0-41-13,25,52,40
2021-3-4-0-41-14,26,51,39
2021-3-4-0-41-15,25,50,40
2021-3-4-0-41-16,25,50,40
2021-3-4-0-41-17,25,50,39
2021-3-4-0-41-18,25,49,38
2021-3-4-0-41-19,24,49,37
2021-3-4-0-41-20,24,48,38
2021-3-4-0-41-21,23,47,38
2021-3-4-0-41-22,22,47,37
2021-3-4-0-41-23,21,47,38
2021-3-4-0-41-24,20,47,37
2021-3-4-0-41-25,21,47,37
2021-3-4-0-41-26,21,47,37
2021-3-4-0-41-27,22,48,36
2021-3-4-0-41-28,22,47,36
2021-3-4-0-41-29,21,48,37
2021-3-4-0-41-30,22,48,37
2021-3-4-0-41-31,23,47,37
2021-3-4-0-41-32,24,48,37
2021-3-4-0-41-33,25,48,38
2021-3-4-0-41-34,25,49,37
2021-3-4-0-41-35,26,50,37
2021-3-4-0-41-36,27,50,36
2021-3-4-0-41-37,27,51,35
2021-3-4-0-41-38,27,50,36
2021-3-4-0-41-39,28,49,36
2021-3-4-0-41-40,28,48,35
2021-3-4-0-41-41,29,49,35
2021-3-4-0-41-42,28,48,34
2021-3-4-0-41-43,29,48,35
2021-3-4-0-41-44,30,47,35
2021-3-4-0-41-45,30,46,34
2021-3-4-0-41-46,29,47,34
2021-3-4-0-41-47,28,46,33
2021-3-4-0-41-48,28,45,33
2021-3-4-0-41-49,29,46,33
2021-3-4-0-41-50,30,45,33
2021-3-4-0-41-51,29,46,33
2021-3-4-0-41-52,30,46,33
2021-3-4-0-41-53,30,46,33
2021-3-4-0-41-54,30,47,34
2021-3-4-0-41-55,29,47,35
2021-3-4-0-41-56,30,48,34
2021-3-4-0-41-57,29,49,33
2021-3-4-0-41-58,29,50,33
2021-3-4-0-41-59,30,50,32
2021-3-4-0-42-0,29,49,33
2021-3-4-0-42-1,29,48,32
2021-3-4-0-42-2,30,49,32
2021-3-4-0-42-3,29,49,32
2021-3-4-0-42-4,29,49,31
2021-3-4-0-42-5,29,50,32
2021-3-4-0-42-6,30,51,31
2021-3-4-0-42-7,30,52,32
2021-3-4-0-42-8,30,51,32
2021-3-4-0-42-9,29,51,33
2021-3-4-0-42-10,29,50,32
2021-3-4-0-42-11,29,51,32
2021-3-4-0-42-12,28,50,32
2021-3-4-0-42-13,29,49,33
2021-3-4-0-42-14,28,50,33
2021-3-4-0-42-15,29,50,32
2021-3-4-0-42-16,28,50,31
2021-3-4-0-42-17,27,51,30
2021-3-4-0-42-18,28,50,29
2021-3-4-0-42-19,28,49,30
2021-3-4-0-42-20,27,50,29
2021-3-4-0-42-21,26,50,30
2021-3-4-0-42-22,26,51,30
2021-3-4-0-42-23,27,51,31
2021-3-4-0-42-24,26,52,30
2021-3-4-0-42-25,25,52,30
2021-3-4-0-42-26,26,53,30
2021-3-4-0-42-27,26,53,29
2021-3-4-0-42-28,25,52,28
2021-3-4-0-42-29,25,51,28
2021-3-4-0-42-30,26,52,29
2021-3-4-0-42-31,26,53,28
2021-3-4-0-42-32,27,52,27
2021-3-4-0-42-33,26,53,26
2021-3-4-0-42-34,25,54,27
2021-3-4-0-42-35,25,54,26
2021-3-4-0-42-36,26,54,25
2021-3-4-0-42-37,26,54,24
2021-3-4-0-42-38,26,55,25
2021-3-4-0-42-39,25,54,25
2021-3-4-0-42-40,25,53,25
2021-3-4-0-42-41,25,53,24
2021-3-4-0-42-42,25,53,24
2021-3-4-0-42-43,25,54,23
2021-3-4-0-42-44,26,55,23
2021-3-4-0-42-45,27,54,24
2021-3-4-0-42-46,27,55,24
2021-3-4-0-42-47,28,56,25
2021-3-4-0-42-48,29,56,26
2021-3-4-0-42-49,28,57,25
2021-3-4-0-42-50,28,57,24
2021-3-4-0-42-51,27,57,23
2021-3-4-0-42-52,27,57,22
2021-3-4-0-42-53,26,57,21
2021-3-4-0-42-54,27,56,21
2021-3-4-0-42-55,27,57,20
2021-3-4-0-42-56,28,57,19
2021-3-4-0-42-57,27,58,18
2021-3-4-0-42-58,26,59,19
2021-3-4-0-42-59,27,60,18
2021-3-4-0-43-0,28,60,19
2021-3-4-0-43-1,28,60,19
2021-3-4-0-43-2,27,60,18
2021-3-4-0-43-3,27,61,18
2021-3-4-0-43-4,28,61,19
2021-3-4-0-43-5,28,62,18
2021-3-4-0-43-6,28,62,18
2021-3-4-0-43-7,27,62,17
2021-3-4-0-43-8,26,61,18
2021-3-4-0-43-9,26,62,18
2021-3-4-0-43-10,26,63,19
2021-3-4-0-43-11,27,64,19
2021-3-4-0-43-12,27,63,18
2021-3-4-0-43-13,27,62,17
2021-3-4-0-43-14,28,61,16
2021-3-4-0-43-15,27,60,15
2021-3-4-0-43-16,27,61,14
2021-3-4-0-43-17,27,62,14
2021-3-4-0-43-18,27,62,14
2021-3-4-0-43-19,28,62,14
2021-3-4-0-43-20,28,62,15
2021-3-4-0-43-21,29,63,16
2021-3-4-0-43-22,28,63,17
2021-3-4-0-43-23,27,62,16
2021-3-4-0-43-24,28,61,15
2021-3-4-0-43-25,27,61,15
2021-3-4-0-43-26,28,61,16
2021-3-4-0-43-27,27,62,17
2021-3-4-0-43-28,28,62,17
2021-3-4-0-43-29,27,63,18
2021-3-4-0-43-30,27,63,17
2021-3-4-0-43-31,28,62,16
2021-3-4-0-43-32,29,63,17
2021-3-4-0-43-33,28,64,16
2021-3-4-0-43-34,28,64,16
2021-3-4-0-43-35,29,65,17
2021-3-4-0-43-36,30,65,16
2021-3-4-0-43-37,31,65,16
2021-3-4-0-43-38,31,65,15
2021-3-4-0-43-39,32,64,15
2021-3-4-0-43-40,31,65,16
2021-3-4-0-43-41,31,65,17
2021-3-4-0-43-42,32,66,17
2021-3-4-0-43-43,33,67,18
2021-3-4-0-43-44,34,68,19
2021-3-4-0-43-45,33,69,20
2021-3-4-0-43-46,34,68,20
2021-3-4-0-43-47,34,69,19
2021-3-4-0-43-48,35,68,19
2021-3-4-0-43-49,36,67,20
2021-3-4-0-43-50,37,68,19
2021-3-4-0-43-51,36,69,19
2021-3-4-0-43-52,36,70,18
2021-3-4-0-43-53,36,69,19
2021-3-4-0-43-54,35,68,20
2021-3-4-0-43-55,35,69,21
2021-3-4-0-43-56,36,69,20
2021-3-4-0-43-57,37,70,19
2021-3-4-0-43-58,37,70,20
2021-3-4-0-43-59,37,70,19
2021-3-4-0-44-0,38,70,18
2021-3-4-0-44-1,39,69,19
2021-3-4-0-44-2,40,69,20
2021-3-4-0-44-3,40,70,19
2021-3-4-0-44-4,40,70,20
2021-3-4-0-44-5,40,69,21
2021-3-4-0-44-6,41,70,21
2021-3-4-0-44-7,40,69,20
2021-3-4-0-44-8,40,70,20
2021-3-4-0-44-9,39,71,20
2021-3-4-0-44-10,40,70,21
2021-3-4-0-44-11,40,71,22
2021-3-4-0-44-12,40,70,21
2021-3-4-0-44-13,41,70,20
2021-3-4-0-44-14,40,69,21
2021-3-4-0-44-15,39,68,20
2021-3-4-0-44-16,39,69,20
2021-3-4-0-44-17,38,69,21
2021-3-4-0-44-18,37,70,21
2021-3-4-0-44-19,37,69,20
2021-3-4-0-44-20,36,68,20
2021-3-4-0-44-21,35,68,21
2021-3-4-0-44-22,35,67,22
2021-3-4-0-44-23,36,67,23
2021-3-4-0-44-24,36,67,22
2021-3-4-0-44-25,36,67,21
2021-3-4-0-44-26,36,68,22
2021-3-4-0-44-27,35,68,21
2021-3-4-0-44-28,34,68,20
2021-3-4-0-44-29,33,68,20
2021-3-4-0-44-30,32,67,21
2021-3-4-0-44-31,32,67,20
2021-3-4-0-44-32,31,67,21
2021-3-4-0-44-33,31,68,20
2021-3-4-0-44-34,31,68,20
2021-3-4-0-44-35,32,68,20
2021-3-4-0-44-36,31,69,20
2021-3-4-0-44-37,31,69,20
2021-3-4-0-44-38,31,68,21
2021-3-4-0-44-39,32,67,22
2021-3-4-0-44-40,33,68,22
2021-3-4-0-44-41,33,67,23
2021-3-4-0-44-42,34,66,22
2021-3-4-0-44-43,35,67,23
2021-3-4-0-44-44,36,68,24
2021-3-4-0-44-45,35,69,23
2021-3-4-0-44-46,34,68,22
2021-3-4-0-44-47,35,69,23
2021-3-4-0-44-48,36,69,23
2021-3-4-0-44-49,35,70,23
2021-3-4-0-44-50,35,70,23
2021-3-4-0-44-51,35,71,24
2021-3-4-0-44-52,34,70,23
2021-3-4-0-44-53,35,70,24
2021-3-4-0-44-54,34,69,23
2021-3-4-0-44-55,33,68,23
2021-3-4-0-44-56,32,68,22
2021-3-4-0-44-57,33,69,23
2021-3-4-0-44-58,32,69,22
2021-3-4-0-44-59,31,69,23
2021-3-4-0-45-0,32,69,24
2021-3-4-0-45-1,32,68,24
2021-3-4-0-45-2,32,69,23
2021-3-4-0-45-3,31,69,24
2021-3-4-0-45-4,31,69,23
2021-3-4-0-45-5,30,69,22
2021-3-4-0-45-6,29,70,23
2021-3-4-0-45-7,29,70,23
2021-3-4-0-45-8,28,70,24
2021-3-4-0-45-9,28,71,23
2021-3-4-0-45-10,27,71,23
2021-3-4-0-45-11,28,71,24
2021-3-4-0-45-12,29,70,23
2021-3-4-0-45-13,30,70,22
2021-3-4-0-45-14,29,69,21
2021-3-4-0-45-15,28,70,21
2021-3-4-0-45-16,29,71,22
2021-3-4-0-45-17,28,70,22
2021-3-4-0-45-18,27,71,22
2021-3-4-0-45-19,28,72,21
2021-3-4-0-45-20,29,73,22
2021-3-4-0-45-21,30,73,21
2021-3-4-0-45-22,31,73,21
2021-3-4-0-45-23,30,74,21
2021-3-4-0-45-24,30,75,21
2021-3-4-0-45-25,31,75,20
2021-3-4-0-45-26,30,76,20
2021-3-4-0-45-27,29,77,21
2021-3-4-0-45-28,30,77,20
2021-3-4-0-45-29,30,76,20
2021-3-4-0-45-30,29,77,21
2021-3-4-0-45-31,29,76,21
2021-3-4-0-45-32,30,76,22
2021-3-4-0-45-33,31,76,22
2021-3-4-0-45-34,31,76,22
2021-3-4-0-45-35,31,77,21
2021-3-4-0-45-36,31,76,22
2021-3-4-0-45-37,31,76,23
2021-3-4-0-45-38,32,75,24
2021-3-4-0-45-39,32,75,24
2021-3-4-0-45-40,32,75,23
2021-3-4-0-45-41,32,74,24
2021-3-4-0-45-42,31,75,25
2021-3-4-0-45-43,31,74,25
2021-3-4-0-45-44,30,74,24
2021-3-4-0-45-45,31,75,25
2021-3-4-0-45-46,32,74,25
2021-3-4-0-45-47,32,74,26
2021-3-4-0-45-48,32,73,26
2021-3-4-0-45-49,32,72,25
2021-3-4-0-45-50,31,72,24
2021-3-4-0-45-51,31,73,24
2021-3-4-0-45-52,30,74,23
2021-3-4-0-45-53,31,74,24
2021-3-4-0-45-54,30,74,23
2021-3-4-0-45-55,30,75,22
2021-3-4-0-45-56,29,75,23
2021-3-4-0-45-57,29,75,23
2021-3-4-0-45-58,28,75,22
2021-3-4-0-45-59,29,74,23
2021-3-4-0-46-0,29,73,24
2021-3-4-0-46-1,29,73,23
2021-3-4-0-46-2,30,73,24
2021-3-4-0-46-3,29,73,25
2021-3-4-0-46-4,28,74,25
2021-3-4-0-46-5,27,73,25
2021-3-4-0-46-6,27,73,26
2021-3-4-0-46-7,27,74,26
2021-3-4-0-46-8,26,75,27
2021-3-4-0-46-9,26,76,26
2021-3-4-0-46-10,27,75,26
2021-3-4-0-46-11,27,76,26
2021-3-4-0-46-12,27,75,26
2021-3-4-0-46-13,26,75,25
2021-3-4-0-46-14,26,76,25
2021-3-4-0-46-15,25,75,26
2021-3-4-0-46-16,24,74,26
2021-3-4-0-46-17,23,74,26
2021-3-4-0-46-18,22,75,25
2021-3-4-0-46-19,21,76,25
2021-3-4-0-46-20,21,75,24
2021-3-4-0-46-21,20,75,25
2021-3-4-0-46-22,20,75,24
2021-3-4-0-46-23,20,75,23
2021-3-4-0-46-24,21,76,22
2021-3-4-0-46-25,21,77,21
2021-3-4-0-46-26,22,76,21
2021-3-4-0-46-27,21,76,22
2021-3-4-0-46-28,21,77,21
2021-3-4-0-46-29,20,76,21
2021-3-4-0-46-30,20,75,20
2021-3-4-0-46-31,21,75,19
2021-3-4-0-46-32,21,74,19
2021-3-4-0-46-33,21,74,19
2021-3-4-0-46-34,21,75,20
2021-3-4-0-46-35,21,76,20
2021-3-4-0-46-36,22,76,21
2021-3-4-0-46-37,23,77,20
2021-3-4-0-46-38,24,77,19
2021-3-4-0-46-39,25,77,18
2021-3-4-0-46-40,24,76,18
2021-3-4-0-46-41,23,75,19
2021-3-4-0-46-42,24,76,20
2021-3-4-0-46-43,23,76,21
2021-3-4-0-46-44,23,76,21
2021-3-4-0-46-45,23,76,21
2021-3-4-0-46-46,22,77,20
2021-3-4-0-46-47,22,77,21
2021-3-4-0-46-48,21,78,21
2021-3-4-0-46-49,21,79,22
2021-3-4-0-46-50,21,78,21
2021-3-4-0-46-51,21,78,20
2021-3-4-0-46-52,20,78,20
2021-3-4-0-46-53,19,77,19
2021-3-4-0-46-54,20,76,18
2021-3-4-0-46-55,19,77,17
2021-3-4-0-46-56,18,78,16
2021-3-4-0-46-57,18,79,16
2021-3-4-0-46-58,18,78,16
2021-3-4-0-46-59,18,79,17
2021-3-4-0-47-0,17,80,16
2021-3-4-0-47-1,17,79,17
2021-3-4-0-47-2,18,79,18
2021-3-4-0-47-3,18,78,17
2021-3-4-0-47-4,19,77,17
2021-3-4-0-47-5,20,78,18
2021-3-4-0-47-6,20,79,19
2021-3-4-0-47-7,20,79,19
2021-3-4-0-47-8,19,78,18
2021-3-4-0-47-9,18,77,18
2021-3-4-0-47-10,19,76,18
2021-3-4-0-47-11,18,77,17
2021-3-4-0-47-12,19,78,17
2021-3-4-0-47-13,20,79,17
2021-3-4-0-47-14,20,80,17
2021-3-4-0-47-15,21,80,16
2021-3-4-0-47-16,22,81,16
2021-3-4-0-47-17,21,80,16
2021-3-4-0-47-18,21,81,16
2021-3-4-0-47-19,21,80,16
2021-3-4-0-47-20,22,79,15
2021-3-4-0-47-21,21,80,16
2021-3-4-0-47-22,22,80,16
2021-3-4-0-47-23,23,79,16
2021-3-4-0-47-24,23,78,17
2021-3-4-0-47-25,24,79,16
2021-3-4-0-47-26,25,78,15
2021-3-4-0-47-27,25,77,14
2021-3-4-0-47-28,24,78,15
2021-3-4-0-47-29,24,79,15
2021-3-4-0-47-30,24,80,15
2021-3-4-0-47-31,25,81,14
2021-3-4-0-47-32,26,80,14
2021-3-4-0-47-33,25,80,15
2021-3-4-0-47-34,26,81,14
2021-3-4-0-47-35,26,82,14
2021-3-4-0-47-36,27,81,13
2021-3-4-0-47-37,26,81,12
2021-3-4-0-47-38,27,80,13
2021-3-4-0-47-39,26,81,13
2021-3-4-0-47-40,25,81,14
2021-3-4-0-47-41,26,81,14
2021-3-4-0-47-42,27,82,13
2021-3-4-0-47-43,28,83,14
2021-3-4-0-47-44,27,82,13
2021-3-4-0-47-45,26,83,12
2021-3-4-0-47-46,27,84,13
2021-3-4-0-47-47,27,84,14
2021-3-4-0-47-48,26,83,14
2021-3-4-0-47-49,26,84,14
2021-3-4-0-47-50,26,83,13
2021-3-4-0-47-51,26,83,12
2021-3-4-0-47-52,25,84,13
2021-3-4-0-47-53,24,85,14
2021-3-4-0-47-54,23,85,13
2021-3-4-0-47-55,22,84,12
2021-3-4-0-47-56,23,83,12
2021-3-4-0-47-57,23,82,11
2021-3-4-0-47-58,24,81,11
2021-3-4-0-47-59,23,80,12
2021-3-4-0-48-0,24,81,11
2021-3-4-0-48-1,23,80,11
2021-3-4-0-48-2,22,79,12
2021-3-4-0-48-3,22,80,12
2021-3-4-0-48-4,22,81,12
2021-3-4-0-48-5,22,81,13
2021-3-4-0-48-6,22,82,13
2021-3-4-0-48-7,22,83,14
2021-3-4-0-48-8,23,83,15
2021-3-4-0-48-9,24,83,16
2021-3-4-0-48-10,24,83,17
2021-3-4-0-48-11,25,84,17
2021-3-4-0-48-12,24,85,16
2021-3-4-0-48-13,25,85,17
2021-3-4-0-48-14,24,84,18
2021-3-4-0-48-15,25,84,19
2021-3-4-0-48-16,25,85,19
2021-3-4-0-48-17,25,85,20
2021-3-4-0-48-18,24,85,20
2021-3-4-0-48-19,25,84,21
2021-3-4-0-48-20,24,84,20
2021-3-4-0-48-21,23,83,20
2021-3-4-0-48-22,23,83,19
2021-3-4-0-48-23,22,83,19
2021-3-4-0-48-24,22,82,19
2021-3-4-0-48-25,21,83,20
2021-3-4-0-48-26,22,84,21
2021-3-4-0-48-27,21,85,20
2021-3-4-0-48-28,20,86,20
2021-3-4-0-48-29,21,85,21
2021-3-4-0-48-30,22,86,20
2021-3-4-0-48-31,22,85,19
2021-3-4-0-48-32,22,84,20
2021-3-4-0-48-33,22,85,21
2021-3-4-0-48-34,22,86,21
2021-3-4-0-48-35,22,87,21
2021-3-4-0-48-36,23,86,20
2021-3-4-0-48-37,24,86,20
2021-3-4-0-48-38,25,86,19
2021-3-4-0-48-39,26,86,20
2021-3-4-0-48-40,26,85,20
2021-3-4-0-48-41,27,85,19
2021-3-4-0-48-42,26,86,18
2021-3-4-0-48-43,26,85,17
2021-3-4-0-48-44,26,84,17
2021-3-4-0-48-45,26,85,17
2021-3-4-0-48-46,25,85,18
2021-3-4-0-48-47,26,86,19
2021-3-4-0-48-48,25,86,18
2021-3-4-0-48-49,26,85,19
2021-3-4-0-48-50,27,85,18
2021-3-4-0-48-51,27,86,17
2021-3-4-0-48-52,27,86,17
2021-3-4-0-48-53,27,85,16
2021-3-4-0-48-54,28,84,16
2021-3-4-0-48-55,27,85,15
2021-3-4-0-48-56,27,86,15
2021-3-4-0-48-57,26,86,15
2021-3-4-0-48-58,25,85,14
2021-3-4-0-48-59,26,86,15
2021-3-4-0-49-0,27,86,14
2021-3-4-0-49-1,28,85,13
2021-3-4-0-49-2,27,86,12
2021-3-4-0-49-3,26,86,12
2021-3-4-0-49-4,26,85,13
2021-3-4-0-49-5,25,84,12
2021-3-4-0-49-6,24,85,13
2021-3-4-0-49-7,25,85,13
2021-3-4-0-49-8,24,86,12
2021-3-4-0-49-9,24,85,13
2021-3-4-0-49-10,24,86,12
2021-3-4-0-49-11,25,87,11
2021-3-4-0-49-12,24,86,12
2021-3-4-0-49-13,25,85,12
2021-3-4-0-49-14,25,85,11
2021-3-4-0-49-15,25,85,11
2021-3-4-0-49-16,24,86,11
2021-3-4-0-49-17,23,86,12
2021-3-4-0-49-18,22,86,12
2021-3-4-0-49-19,23,87,12
2021-3-4-0-49-20,23,87,13
2021-3-4-0-49-21,22,87,14
2021-3-4-0-49-22,21,86,14
2021-3-4-0-49-23,21,85,14
2021-3-4-0-49-24,20,85,15
2021-3-4-0-49-25,20,86,16
2021-3-4-0-49-26,19,86,15
2021-3-4-0-49-27,20,85,16
2021-3-4-0-49-28,21,84,16
2021-3-4-0-49-29,21,83,15
2021-3-4-0-49-30,22,84,16
2021-3-4-0-49-31,23,85,17
2021-3-4-0-49-32,24,85,16
2021-3-4-0-49-33,25,86,15
2021-3-4-0-49-34,26,87,15
2021-3-4-0-49-35,27,88,14
2021-3-4-0-49-36,26,88,15
2021-3-4-0-49-37,26,89,15
2021-3-4-0-49-38,27,88,16
2021-3-4-0-49-39,28,88,15
2021-3-4-0-49-40,27,89,15
2021-3-4-0-49-41,27,88,14
2021-3-4-0-49-42,27,87,15
2021-3-4-0-49-43,26,87,16
2021-3-4-0-49-44,27,87,17
2021-3-4-0-49-45,28,88,17
2021-3-4-0-49-46,27,89,18
2021-3-4-0-49-47,26,89,19
2021-3-4-0-49-48,26,90,20
2021-3-4-0-49-49,25,91,19
2021-3-4-0-49-50,26,90,18
2021-3-4-0-49-51,25,91,17
2021-3-4-0-49-52,24,91,18
2021-3-4-0-49-53,25,91,17
2021-3-4-0-49-54,25,92,17
2021-3-4-0-49-55,25,93,17
2021-3-4-0-49-56,25,92,18
2021-3-4-0-49-57,26,92,19
2021-3-4-0-49-58,25,93,20
2021-3-4-0-49-59,25,92,20
2021-3-4-0-50-0,26,93,20
2021-3-4-0-50-1,26,93,21
2021-3-4-0-50-2,25,93,20
2021-3-4-0-50-3,26,92,21
2021-3-4-0-50-4,27,92,22
2021-3-4-0-50-5,28,93,23
2021-3-4-0-50-6,29,94,23
2021-3-4-0-50-7,28,94,23
2021-3-4-0-50-8,29,94,23
2021-3-4-0-50-9,30,94,22
2021-3-4-0-50-10,31,95,23
2021-3-4-0-50-11,31,95,23
2021-3-4-0-50-12,31,96,24
2021-3-4-0-50-13,30,95,25
2021-3-4-0-50-14,29,95,25
2021-3-4-0-50-15,29,94,25
2021-3-4-0-50-16,30,95,24
2021-3-4-0-50-17,30,96,24
2021-3-4-0-50-18,31,95,23
2021-3-4-0-50-19,32,94,24
2021-3-4-0-50-20,31,93,23
2021-3-4-0-50-21,32,93,22
2021-3-4-0-50-22,31,94,21
2021-3-4-0-50-23,32,93,22
2021-3-4-0-50-24,32,94,22
2021-3-4-0-50-25,33,94,23
2021-3-4-0-50-26,33,93,24
2021-3-4-0-50-27,32,94,24
2021-3-4-0-50-28,33,94,23
2021-3-4-0-50-29,33,95,23
2021-3-4-0-50-30,33,94,22
2021-3-4-0-50-31,34,95,23
2021-3-4-0-50-32,35,95,24
2021-3-4-0-50-33,34,94,23
2021-3-4-0-50-34,33,94,22
2021-3-4-0-50-35,32,94,22
2021-3-4-0-50-36,31,94,22
2021-3-4-0-50-37,32,93,22
2021-3-4-0-50-38,31,94,23
2021-3-4-0-50-39,30,93,22
2021-3-4-0-50-40,31,93,23
2021-3-4-0-50-41,31,92,24
2021-3-4-0-50-42,31,93,23
2021-3-4-0-50-43,32,94,23
2021-3-4-0-50-44,31,95,22
2021-3-4-0-50-45,31,95,21
2021-3-4-0-50-46,31,94,21
2021-3-4-0-50-47,32,93,21
2021-3-4-0-50-48,33,93,22
2021-3-4-0-50-49,32,92,21
2021-3-4-0-50-50,32,93,21
2021-3-4-0-50-51,31,93,21
2021-3-4-0-50-52,32,94,22
2021-3-4-0-50-53,33,95,21
2021-3-4-0-50-54,32,95,21
2021-3-4-0-50-55,33,95,21
2021-3-4-0-50-56,34,96,21
2021-3-4-0-50-57,34,97,22
2021-3-4-0-50-58,34,97,22
2021-3-4-0-50-59,35,97,22
2021-3-4-0-51-0,36,97,22
2021-3-4-0-51-1,37,97,22
2021-3-4-0-51-2,38,96,22
2021-3-4-0-51-3,37,97,22
2021-3-4-0-51-4,38,98,21
2021-3-4-0-51-5,38,97,22
2021-3-4-0-51-6,38,98,21
2021-3-4-0-51-7,39,99,20
2021-3-4-0-51-8,39,100,21
2021-3-4-0-51-9,39,99,22
2021-3-4-0-51-10,38,99,21
2021-3-4-0-51-11,37,100,21
2021-3-4-0-51-12,36,99,21
2021-3-4-0-51-13,36,98,20
2021-3-4-0-51-14,37,99,20
2021-3-4-0-51-15,37,98,20
2021-3-4-0-51-16,38,98,20
2021-3-4-0-51-17,38,98,20
2021-3-4-0-51-18,37,98,21
2021-3-4-0-51-19,36,99,21
2021-3-4-0-51-20,37,100,20
2021-3-4-0-51-21,36,99,21
2021-3-4-0-51-22,37,100,22
2021-3-4-0-51-23,38,99,22
2021-3-4-0-51-24,39,100,21
2021-3-4-0-51-25,40,99,21
2021-3-4-0-51-26,40,98,22
2021-3-4-0-51-27,40,98,22
2021-3-4-0-51-28,41,97,22
2021-3-4-0-51-29,41,98,21
2021-3-4-0-51-30,42,97,20
2021-3-4-0-51-31,41,97,21
2021-3-4-0-51-32,42,96,22
2021-3-4-0-51-33,42,97,22
2021-3-4-0-51-34,43,98,23
2021-3-4-0-51-35,44,99,23
2021-3-4-0-51-36,45,99,22
2021-3-4-0-51-37,45,99,22
2021-3-4-0-51-38,45,100,22
2021-3-4-0-51-39,44,99,23
2021-3-4-0-51-40,45,100,24
2021-3-4-0-51-41,45,99,23
2021-3-4-0-51-42,45,99,22
2021-3-4-0-51-43,45,100,22
2021-3-4-0-51-44,44,99,22
2021-3-4-0-51-45,44,98,21
2021-3-4-0-51-46,44,99,20
2021-3-4-0-51-47,43,99,20
2021-3-4-0-51-48,44,100,19
2021-3-4-0-51-49,44,99,19
2021-3-4-0-51-50,44,98,19
2021-3-4-0-51-51,45,98,18
2021-3-4-0-51-52,45,99,18
2021-3-4-0-51-53,44,98,19
2021-3-4-0-51-54,44,98,20
2021-3-4-0-51-55,43,99,21
2021-3-4-0-51-56,43,99,21
2021-3-4-0-51-57,44,98,22
2021-3-4-0-51-58,45,98,21
2021-3-4-0-51-59,44,99,20
2021-3-4-0-52-0,45,100,20
2021-3-4-0-52-1,45,99,21
2021-3-4-0-52-2,45,100,20
2021-3-4-0-52-3,44,99,20
2021-3-4-0-52-4,43,98,19
2021-3-4-0-52-5,42,97,18
2021-3-4-0-52-6,43,96,18
2021-3-4-0-52-7,42,95,17
2021-3-4-0-52-8,43,94,17
2021-3-4-0-52-9,44,94,18
2021-3-4-0-52-10,44,93,19
2021-3-4-0-52-11,44,93,18
2021-3-4-0-52-12,45,93,17
2021-3-4-0-52-13,46,93,17
2021-3-4-0-52-14,47,94,18
2021-3-4-0-52-15,46,95,17
2021-3-4-0-52-16,45,95,16
2021-3-4-0-52-17,46,96,15
2021-3-4-0-52-18,45,96,16
2021-3-4-0-52-19,44,95,15
2021-3-4-0-52-20,44,96,15
2021-3-4-0-52-21,44,96,14
2021-3-4-0-52-22,45,96,13
2021-3-4-0-52-23,46,96,13
2021-3-4-0-52-24,45,97,13
2021-3-4-0-52-25,46,97,12
2021-3-4-0-52-26,47,96,12
2021-3-4-0-52-27,48,96,11
2021-3-4-0-52-28,48,97,12
2021-3-4-0-52-29,48,96,12
2021-3-4-0-52-30,47,95,11
2021-3-4-0-52-31,48,96,12
2021-3-4-0-52-32,48,95,13
2021-3-4-0-52-33,49,96,13
2021-3-4-0-52-34,48,96,13
2021-3-4-0-52-35,48,97,12
2021-3-4-0-52-36,47,98,12
2021-3-4-0-52-37,46,98,12
2021-3-4-0-52-38,47,99,12
2021-3-4-0-52-39,47,98,12
2021-3-4-0-52-40,47,98,11
2021-3-4-0-52-41,46,99,11
2021-3-4-0-52-42,47,98,12
2021-3-4-0-52-43,46,98,12
2021-3-4-0-52-44,46,97,13
2021-3-4-0-52-45,45,97,14
2021-3-4-0-52-46,46,96,14
2021-3-4-0-52-47,46,96,15
2021-3-4-0-52-48,47,96,16
2021-3-4-0-52-49,47,97,16
2021-3-4-0-52-50,46,96,17
2021-3-4-0-52-51,46,95,17
2021-3-4-0-52-52,45,95,18
2021-3-4-0-52-53,45,96,19
2021-3-4-0-52-54,45,97,20
2021-3-4-0-52-55,46,97,21
2021-3-4-0-52-56,45,97,21
2021-3-4-0-52-57,44,96,21
2021-3-4-0-52-58,45,97,22
2021-3-4-0-52-59,45,98,23
2021-3-4-0-53-0,46,97,24
2021-3-4-0-53-1,46,97,24
2021-3-4-0-53-2,46,96,23
2021-3-4-0-53-3,47,95,22
2021-3-4-0-53-4,48,96,21
2021-3-4-0-53-5,48,95,21
2021-3-4-0-53-6,47,94,20
2021-3-4-0-53-7,47,93,19
2021-3-4-0-53-8,47,94,20
2021-3-4-0-53-9,46,93,20
2021-3-4-0-53-10,46,94,19
2021-3-4-0-53-11,47,94,20
2021-3-4-0-53-12,46,93,19
2021-3-4-0-53-13,46,93,18
2021-3-4-0-53-14,45,92,19
2021-3-4-0-53-15,46,91,18
2021-3-4-0-53-16,47,90,18
2021-3-4-0-53-17,48,90,18
2021-3-4-0-53-18,48,90,19
2021-3-4-0-53-19,49,91,18
2021-3-4-0-53-20,49,92,17
2021-3-4-0-53-21,49,91,16
2021-3-4-0-53-22,48,92,16
2021-3-4-0-53-23,49,92,16
2021-3-4-0-53-24,48,92,16
2021-3-4-0-53-25,47,91,17
2021-3-4-0-53-26,46,91,16
2021-3-4-0-53-27,46,90,16
2021-3-4-0-53-28,47,90,17
2021-3-4-0-53-29,48,89,17
2021-3-4-0-53-30,49,90,17
2021-3-4-0-53-31,48,91,16
2021-3-4-0-53-32,47,91,17
2021-3-4-0-53-33,48,91,17
2021-3-4-0-53-34,48,92,18
2021-3-4-0-53-35,49,91,18
2021-3-4-0-53-36,49,92,17
2021-3-4-0-53-37,49,93,18
2021-3-4-0-53-38,49,93,17
2021-3-4-0-53-39,49,92,17
2021-3-4-0-53-40,48,92,16
2021-3-4-0-53-41,47,91,16
2021-3-4-0-53-42,48,90,17
2021-3-4-0-53-43,48,91,18
2021-3-4-0-53-44,49,90,18
2021-3-4-0-53-45,48,91,18
2021-3-4-0-53-46,49,92,18
2021-3-4-0-53-47,48,92,17
2021-3-4-0-53-48,49,93,16
2021-3-4-0-53-49,49,92,17
2021-3-4-0-53-50,49,93,16
2021-3-4-0-53-51,49,94,17
2021-3-4-0-53-52,49,94,17
2021-3-4-0-53-53,49,94,18
2021-3-4-0-53-54,49,94,19
2021-3-4-0-53-55,49,94,20
2021-3-4-0-53-56,48,94,19
2021-3-4-0-53-57,47,93,18
2021-3-4-0-53-58,47,92,19
2021-3-4-0-53-59,48,92,18
2021-3-4-0-54-0,49,93,17
2021-3-4-0-54-1,48,92,16
2021-3-4-0-54-2,47,92,16
2021-3-4-0-54-3,48,93,17
2021-3-4-0-54-4,49,94,17
2021-3-4-0-54-5,50,95,18
2021-3-4-0-54-6,49,94,18
2021-3-4-0-54-7,48,95,17
2021-3-4-0-54-8,47,94,17
2021-3-4-0-54-9,48,94,17
2021-3-4-0-54-10,47,94,16
2021-3-4-0-54-11,46,94,15
2021-3-4-0-54-12,47,95,14
2021-3-4-0-54-13,48,96,13
2021-3-4-0-54-14,49,97,13
2021-3-4-0-54-15,50,98,14
2021-3-4-0-54-16,51,99,15
2021-3-4-0-54-17,50,98,16
2021-3-4-0-54-18,50,98,15
2021-3-4-0-54-19,50,99,15
2021-3-4-0-54-20,49,99,16
2021-3-4-0-54-21,50,98,17
2021-3-4-0-54-22,50,98,17
2021-3-4-0-54-23,49,98,18
2021-3-4-0-54-24,48,97,18
2021-3-4-0-54-25,48,97,19
2021-3-4-0-54-26,49,97,18
2021-3-4-0-54-27,48,97,18
2021-3-4-0-54-28,47,98,18
2021-3-4-0-54-29,48,98,19
2021-3-4-0-54-30,49,97,19
2021-3-4-0-54-31,48,97,19
2021-3-4-0-54-32,49,98,19
2021-3-4-0-54-33,48,99,20
2021-3-4-0-54-34,48,98,21
2021-3-4-0-54-35,48,97,21
2021-3-4-0-54-36,48,98,20
2021-3-4-0-54-37,48,97,19
2021-3-4-0-54-38,49,98,20
2021-3-4-0-54-39,48,99,21
2021-3-4-0-54-40,48,99,22
2021-3-4-0-54-41,48,99,21
2021-3-4-0-54-42,48,98,22
2021-3-4-0-54-43,49,98,23
2021-3-4-0-54-44,50,97,24
2021-3-4-0-54-45,50,96,25
2021-3-4-0-54-46,50,95,25
2021-3-4-0-54-47,50,95,25
2021-3-4-0-54-48,51,96,24
2021-3-4-0-54-49,52,96,23
2021-3-4-0-54-50,53,96,22
2021-3-4-0-54-51,54,95,21
2021-3-4-0-54-52,54,95,22
2021-3-4-0-54-53,55,96,22
2021-3-4-0-54-54,55,96,23
2021-3-4-0-54-55,55,97,24
2021-3-4-0-54-56,56,98,25
2021-3-4-0-54-57,55,99,25
2021-3-4-0-54-58,54,98,26
2021-3-4-0-54-59,54,99,26
2021-3-4-0-55-0,54,98,25
2021-3-4-0-55-1,53,98,24
2021-3-4-0-55-2,54,99,25
2021-3-4-0-55-3,53,99,25
2021-3-4-0-55-4,53,98,24
2021-3-4-0-55-5,52,98,23
2021-3-4-0-55-6,53,97,23
2021-3-4-0-55-7,54,96,24
2021-3-4-0-55-8,55,95,23
2021-3-4-0-55-9,54,96,23
2021-3-4-0-55-10,55,95,23
2021-3-4-0-55-11,56,96,23
2021-3-4-0-55-12,57,96,22
2021-3-4-0-55-13,56,97,22
2021-3-4-0-55-14,56,98,21
2021-3-4-0-55-15,56,99,21
2021-3-4-0-55-16,55,99,22
2021-3-4-0-55-17,56,99,21
2021-3-4-0-55-18,55,100,22
2021-3-4-0-55-19,56,99,21
2021-3-4-0-55-20,57,100,21
2021-3-4-0-55-21,57,99,22
2021-3-4-0-55-22,58,100,23
2021-3-4-0-55-23,58,99,24
2021-3-4-0-55-24,58,98,23
2021-3-4-0-55-25,59,97,24
2021-3-4-0-55-26,59,97,25
2021-3-4-0-55-27,58,96,26
2021-3-4-0-55-28,59,96,26
2021-3-4-0-55-29,58,96,25
2021-3-4-0-55-30,58,95,24
2021-3-4-0-55-31,57,94,24
2021-3-4-0-55-32,57,95,23
2021-3-4-0-55-33,58,95,22
2021-3-4-0-55-34,59,94,21
2021-3-4-0-55-35,58,94,21
2021-3-4-0-55-36,58,95,22
2021-3-4-0-55-37,59,96,21
2021-3-4-0-55-38,59,95,21
2021-3-4-0-55-39,58,94,20
2021-3-4-0-55-40,57,93,21
2021-3-4-0-55-41,58,93,22
2021-3-4-0-55-42,58,93,22
2021-3-4-0-55-43,58,94,21
2021-3-4-0-55-44,58,95,21
2021-3-4-0-55-45,59,96,21
2021-3-4-0-55-46,58,96,22
2021-3-4-0-55-47,59,97,22
2021-3-4-0-55-48,58,98,21
2021-3-4-0-55-49,57,99,22
2021-3-4-0-55-50,57,98,22
2021-3-4-0-55-51,57,99,23
2021-3-4-0-55-52,56,100,23
2021-3-4-0-55-53,55,99,22
2021-3-4-0-55-54,55,100,23
2021-3-4-0-55-55,55,99,22
2021-3-4-0-55-56,55,100,22
2021-3-4-0-55-57,55,99,23
2021-3-4-0-55-58,56,98,23
2021-3-4-0-55-59,56,97,23
2021-3-4-0-56-0,55,98,23
2021-3-4-0-56-1,55,99,24
2021-3-4-0-56-2,55,98,24
2021-3-4-0-56-3,55,97,24
2021-3-4-0-56-4,56,98,23
2021-3-4-0-56-5,56,99,24
2021-3-4-0-56-6,56,100,25
2021-3-4-0-56-7,57,99,24
2021-3-4-0-56-8,58,100,23
2021-3-4-0-56-9,57,99,22
2021-3-4-0-56-10,56,99,21
2021-3-4-0-56-11,57,99,20
2021-3-4-0-56-12,56,99,20
2021-3-4-0-56-13,55,99,20
2021-3-4-0-56-14,54,99,20
2021-3-4-0-56-15,54,99,21
2021-3-4-0-56-16,53,98,20
2021-3-4-0-56-17,52,97,20
2021-3-4-0-56-18,53,96,21
2021-3-4-0-56-19,54,95,22
2021-3-4-0-56-20,54,95,22
2021-3-4-0-56-21,54,96,21
2021-3-4-0-56-22,55,97,22
2021-3-4-0-56-23,54,97,21
2021-3-4-0-56-24,55,97,22
2021-3-4-0-56-25,55,98,22
2021-3-4-0-56-26,55,97,23
2021-3-4-0-56-27,55,97,24
2021-3-4-0-56-28,54,96,25
2021-3-4-0-56-29,53,95,24
2021-3-4-0-56-30,54,95,23
2021-3-4-0-56-31,54,94,22
2021-3-4-0-56-32,53,94,21
2021-3-4-0-56-33,54,95,22
2021-3-4-0-56-34,55,96,21
2021-3-4-0-56-35,55,96,20
2021-3-4-0-56-36,54,97,21
2021-3-4-0-56-37,53,96,22
2021-3-4-0-56-38,54,96,21
2021-3-4-0-56-39,55,96,20
2021-3-4-0-56-40,54,96,21
2021-3-4-0-56-41,53,95,21
2021-3-4-0-56-42,52,94,21
2021-3-4-0-56-43,51,94,22
2021-3-4-0-56-44,52,95,22
2021-3-4-0-56-45,52,94,21
2021-3-4-0-56-46,52,94,22
2021-3-4-0-56-47,51,94,22
2021-3-4-0-56-48,51,95,22
2021-3-4-0-56-49,52,96,23
2021-3-4-0-56-50,51,97,22
2021-3-4-0-56-51,51,98,21
2021-3-4-0-56-52,52,97,20
2021-3-4-0-56-53,53,97,19
2021-3-4-0-56-54,54,98,19
2021-3-4-0-56-55,53,98,20
2021-3-4-0-56-56,54,99,19
2021-3-4-0-56-57,53,100,19
2021-3-4-0-56-58,52,99,19
2021-3-4-0-56-59,51,99,20
2021-3-4-0-57-0,51,100,20
2021-3-4-0-57-1,50,99,20
2021-3-4-0-57-2,50,99,21
2021-3-4-0-57-3,50,100,22
2021-3-4-0-57-4,50,99,23
2021-3-4-0-57-5,49,98,24
2021-3-4-0-57-6,50,99,24
2021-3-4-0-57-7,51,100,23
2021-3-4-0-57-8,50,99,22
2021-3-4-0-57-9,49,99,22
2021-3-4-0-57-10,49,100,21
2021-3-4-0-57-11,49,99,21
2021-3-4-0-57-12,48,100,21
2021-3-4-0-57-13,48,99,20
2021-3-4-0-57-14,49,99,21
2021-3-4-0-57-15,48,98,20
2021-3-4-0-57-16,47,97,20
2021-3-4-0-57-17,46,96,20
2021-3-4-0-57-18,45,96,19
2021-3-4-0-57-19,44,96,18
2021-3-4-0-57-20,44,95,19
2021-3-4-0-57-21,44,96,20
2021-3-4-0-57-22,43,97,19
2021-3-4-0-57-23,42,97,20
2021-3-4-0-57-24,42,96,21
2021-3-4-0-57-25,41,96,22
2021-3-4-0-57-26,42,96,21
2021-3-4-0-57-27,43,97,20
2021-3-4-0-57-28,42,97,20
2021-3-4-0-57-29,42,97,19
2021-3-4-0-57-30,42,97,19
2021-3-4-0-57-31,41,96,20
2021-3-4-0-57-32,41,95,20
2021-3-4-0-57-33,40,96,21
2021-3-4-0-57-34,41,96,21
2021-3-4-0-57-35,41,96,20
2021-3-4-0-57-36,40,95,21
2021-3-4-0-57-37,39,94,20
2021-3-4-0-57-38,40,94,20
2021-3-4-0-57-39,39,94,21
2021-3-4-0-57-40,38,95,21
2021-3-4-0-57-41,37,94,21
2021-3-4-0-57-42,37,94,22
2021-3-4-0-57-43,36,95,22
2021-3-4-0-57-44,37,95,22
2021-3-4-0-57-45,38,95,21
2021-3-4-0-57-46,38,94,22
2021-3-4-0-57-47,38,93,22
2021-3-4-0-57-48,38,93,23
2021-3-4-0-57-49,37,92,23
2021-3-4-0-57-50,38,92,24
2021-3-4-0-57-51,39,92,25
2021-3-4-0-57-52,40,91,24
2021-3-4-0-57-53,39,92,24
2021-3-4-0-57-54,40,91,25
2021-3-4-0-57-55,40,91,25
2021-3-4-0-57-56,39,90,25
2021-3-4-0-57-57,39,91,26
2021-3-4-0-57-58,38,92,26
2021-3-4-0-57-59,37,93,25
2021-3-4-0-58-0,36,93,24
2021-3-4-0-58-1,36,94,25
2021-3-4-0-58-2,36,93,24
2021-3-4-0-58-3,37,94,24
2021-3-4-0-58-4,38,94,25
2021-3-4-0-58-5,39,93,26
2021-3-4-0-58-6,39,94,25
2021-3-4-0-58-7,40,94,25
2021-3-4-0-58-8,40,94,26
2021-3-4-0-58-9,41,93,25
2021-3-4-0-58-10,42,94,25
2021-3-4-0-58-11,43,95,26
2021-3-4-0-58-12,44,95,27
2021-3-4-0-58-13,45,94,26
2021-3-4-0-58-14,44,93,26
2021-3-4-0-58-15,44,92,27
2021-3-4-0-58-16,43,93,27
2021-3-4-0-58-17,44,93,27
2021-3-4-0-58-18,44,94,26
2021-3-4-0-58-19,43,95,27
2021-3-4-0-58-20,44,96,28
2021-3-4-0-58-21,44,96,28
2021-3-4-0-58-22,43,96,27
2021-3-4-0-58-23,42,97,27
2021-3-4-0-58-24,43,97,28
2021-3-4-0-58-25,43,96,29
2021-3-4-0-58-26,44,96,28
2021-3-4-0-58-27,44,97,29
2021-3-4-0-58-28,44,98,28
2021-3-4-0-58-29,45,98,28
2021-3-4-0-58-30,44,97,27
2021-3-4-0-58-31,43,97,27
2021-3-4-0-58-32,44,98,28
2021-3-4-0-58-33,44,97,29
2021-3-4-0-58-34,45,97,30
2021-3-4-0-58-35,45,97,30
2021-3-4-0-58-36,46,97,29
2021-3-4-0-58-37,47,98,28
2021-3-4-0-58-38,47,99,29
2021-3-4-0-58-39,47,100,30
2021-3-4-0-58-40,47,99,30
2021-3-4-0-58-41,48,99,30
2021-3-4-0-58-42,47,99,29
2021-3-4-0-58-43,47,98,30
2021-3-4-0-58-44,47,99,29
2021-3-4-0-58-45,46,98,29
2021-3-4-0-58-46,46,98,30
2021-3-4-0-58-47,47,97,29
2021-3-4-0-58-48,47,97,29
2021-3-4-0-58-49,48,98,29
2021-3-4-0-58-50,48,98,30
2021-3-4-0-58-51,47,98,31
2021-3-4-0-58-52,48,97,31
2021-3-4-0-58-53,48,98,32
2021-3-4-0-58-54,48,99,31
2021-3-4-0-58-55,48,99,31
2021-3-4-0-58-56,48,100,32
2021-3-4-0-58-57,48,99,31
2021-3-4-0-58-58,49,100,30
2021-3-4-0-58-59,49,99,31
2021-3-4-0-59-0,50,100,32
2021-3-4-0-59-1,51,99,33
2021-3-4-0-59-2,51,99,32
2021-3-4-0-59-3,52,100,33
2021-3-4-0-59-4,52,99,33
2021-3-4-0-59-5,51,100,32
2021-3-4-0-59-6,50,99,31
2021-3-4-0-59-7,50,99,31
2021-3-4-0-59-8,50,98,30
2021-3-4-0-59-9,49,99,30
2021-3-4-0-59-10,50,98,31
2021-3-4-0-59-11,50,99,30
2021-3-4-0-59-12,51,100,31
2021-3-4-0-59-13,51,99,30
2021-3-4-0-59-14,52,100,31
2021-3-4-0-59-15,52,99,31
2021-3-4-0-59-16,51,100,32
2021-3-4-0-59-17,51,99,33
2021-3-4-0-59-18,50,100,34
2021-3-4-0-59-19,50,99,34
2021-3-4-0-59-20,50,98,34
2021-3-4-0-59-21,50,98,35
2021-3-4-0-59-22,49,99,34
2021-3-4-0-59-23,50,98,33
2021-3-4-0-59-24,50,98,34
2021-3-4-0-59-25,49,97,35
2021-3-4-0-59-26,48,98,34
2021-3-4-0-59-27,49,99,35
2021-3-4-0-59-28,48,99,36
2021-3-4-0-59-29,47,99,36
2021-3-4-0-59-30,46,99,35
2021-3-4-0-59-31,45,100,34
2021-3-4-0-59-32,45,99,35
2021-3-4-0-59-33,44,98,34
2021-3-4-0-59-34,43,97,33
2021-3-4-0-59-35,42,96,34
2021-3-4-0-59-36,41,96,35
2021-3-4-0-59-37,40,96,35
2021-3-4-0-59-38,39,96,36
2021-3-4-0-59-39,39,96,36
2021-3-4-0-59-40,38,96,36
2021-3-4-0-59-41,37,96,35
2021-3-4-0-59-42,37,96,35
2021-3-4-0-59-43,37,97,34
2021-3-4-0-59-44,38,97,34
2021-3-4-0-59-45,38,97,35
2021-3-4-0-59-46,37,97,35
2021-3-4-0-59-47,36,98,35
2021-3-4-0-59-48,36,98,34
2021-3-4-0-59-49,37,98,34
2021-3-4-0-59-50,36,98,33
2021-3-4-0-59-51,37,99,34
2021-3-4-0-59-52,38,99,34
2021-3-4-0-59-53,38,99,34
2021-3-4-0-59-54,39,100,34
2021-3-4-0-59-55,40,99,35
2021-3-4-0-59-56,41,98,35
2021-3-4-0-59-57,42,97,36
2021-3-4-0-59-58,42,97,36
2021-3-4-0-59-59,41,98,35
